Workbook

Sheet ZAMBI
A2: NAMA PRODUK | B2: KODE BAHAN | C2: NAMA BAHAN | D2: HARGA KULAK | E2: ISI | F2: SATUAN | G2: HARGA KULAK SATUAN | H2: MODAL SATUAN | I2: KEB. | J2: JUMLAH MODAL
A3: ZAMBI 10 CM SOSIZ+AYAM | B3: 1 | C3: SAOS SPAGHETI GRAM | D3: =VLOOKUP(TBLZAMBISOSYAM[NAMA BAHAN],[2]!TBLREKAPBAHAN[[NAMA BAHAN]:[MODAL SATUAN]],2,FALSE) -> 12000 | E3: =VLOOKUP(TBLZAMBISOSYAM[NAMA BAHAN],[2]!TBLREKAPBAHAN[[NAMA BAHAN]:[MODAL SATUAN]],3,FALSE) -> 250 | G3: =VLOOKUP(TBLZAMBISOSYAM[NAMA BAHAN],[2]!TBLREKAPBAHAN[[NAMA BAHAN]:[MODAL SATUAN]],4,FALSE) -> 48 | H3: =VLOOKUP(TBLZAMBISOSYAM[NAMA BAHAN],[2]!TBLREKAPBAHAN[[NAMA BAHAN]:[MODAL SATUAN]],4,FALSE) -> 48 | I3: 20 | J3: =H3*I3 -> 960
B4: 2 | C4: SAOS BBQ GRAM | D4: =VLOOKUP(TBLZAMBISOSYAM[NAMA BAHAN],[2]!TBLREKAPBAHAN[[NAMA BAHAN]:[MODAL SATUAN]],2,FALSE) -> 12000 | E4: =VLOOKUP(TBLZAMBISOSYAM[NAMA BAHAN],[2]!TBLREKAPBAHAN[[NAMA BAHAN]:[MODAL SATUAN]],3,FALSE) -> 250 | G4: =VLOOKUP(TBLZAMBISOSYAM[NAMA BAHAN],[2]!TBLREKAPBAHAN[[NAMA BAHAN]:[MODAL SATUAN]],4,FALSE) -> 48 | H4: =VLOOKUP(TBLZAMBISOSYAM[NAMA BAHAN],[2]!TBLREKAPBAHAN[[NAMA BAHAN]:[MODAL SATUAN]],4,FALSE) -> 48 | I4: 10 | J4: =H4*I4 -> 480
B5: 3 | C5: DAGING SAPI | D5: =VLOOKUP(TBLZAMBISOSYAM[NAMA BAHAN],[2]!TBLREKAPBAHAN[[NAMA BAHAN]:[MODAL SATUAN]],2,FALSE) -> 85000 | E5: =VLOOKUP(TBLZAMBISOSYAM[NAMA BAHAN],[2]!TBLREKAPBAHAN[[NAMA BAHAN]:[MODAL SATUAN]],3,FALSE) -> 1000 | G5: =VLOOKUP(TBLZAMBISOSYAM[NAMA BAHAN],[2]!TBLREKAPBAHAN[[NAMA BAHAN]:[MODAL SATUAN]],4,FALSE) -> 85 | H5: =VLOOKUP(TBLZAMBISOSYAM[NAMA BAHAN],[2]!TBLREKAPBAHAN[[NAMA BAHAN]:[MODAL SATUAN]],4,FALSE) -> 85 | I5: 0 | J5: =H5*I5 -> 0
B6: 4 | C6: SOSIZ BATANG | D6: =VLOOKUP(TBLZAMBISOSYAM[NAMA BAHAN],[2]!TBLREKAPBAHAN[[NAMA BAHAN]:[MODAL SATUAN]],2,FALSE) -> 35000 | E6: =VLOOKUP(TBLZAMBISOSYAM[NAMA BAHAN],[2]!TBLREKAPBAHAN[[NAMA BAHAN]:[MODAL SATUAN]],3,FALSE) -> 38 | G6: =VLOOKUP(TBLZAMBISOSYAM[NAMA BAHAN],[2]!TBLREKAPBAHAN[[NAMA BAHAN]:[MODAL SATUAN]],4,FALSE) -> 921.05263 | H6: =VLOOKUP(TBLZAMBISOSYAM[NAMA BAHAN],[2]!TBLREKAPBAHAN[[NAMA BAHAN]:[MODAL SATUAN]],4,FALSE) -> 921.05263 | I6: 1 | J6: =H6*I6 -> 921.05263
B7: 5 | C7: AYAM SUWIR | D7: =VLOOKUP(TBLZAMBISOSYAM[NAMA BAHAN],[2]!TBLREKAPBAHAN[[NAMA BAHAN]:[MODAL SATUAN]],2,FALSE) -> 45000 | E7: =VLOOKUP(TBLZAMBISOSYAM[NAMA BAHAN],[2]!TBLREKAPBAHAN[[NAMA BAHAN]:[MODAL SATUAN]],3,FALSE) -> 400 | G7: =VLOOKUP(TBLZAMBISOSYAM[NAMA BAHAN],[2]!TBLREKAPBAHAN[[NAMA BAHAN]:[MODAL SATUAN]],4,FALSE) -> 112.5 | H7: =VLOOKUP(TBLZAMBISOSYAM[NAMA BAHAN],[2]!TBLREKAPBAHAN[[NAMA BAHAN]:[MODAL SATUAN]],4,FALSE) -> 112.5 | I7: 10 | J7: =H7*I7 -> 1125
B8: 6 | C8: SAOS SAMBAL SACHET | D8: =VLOOKUP(TBLZAMBISOSYAM[NAMA BAHAN],[2]!TBLREKAPBAHAN[[NAMA BAHAN]:[MODAL SATUAN]],2,FALSE) -> 8000 | E8: =VLOOKUP(TBLZAMBISOSYAM[NAMA BAHAN],[2]!TBLREKAPBAHAN[[NAMA BAHAN]:[MODAL SATUAN]],3,FALSE) -> 24 | G8: =VLOOKUP(TBLZAMBISOSYAM[NAMA BAHAN],[2]!TBLREKAPBAHAN[[NAMA BAHAN]:[MODAL SATUAN]],4,FALSE) -> 333.33333 | H8: =VLOOKUP(TBLZAMBISOSYAM[NAMA BAHAN],[2]!TBLREKAPBAHAN[[NAMA BAHAN]:[MODAL SATUAN]],4,FALSE) -> 333.33333 | I8: 1 | J8: =H8*I8 -> 333.33333
B9: 7 | C9: MENTEGA | D9: =VLOOKUP(TBLZAMBISOSYAM[NAMA BAHAN],[2]!TBLREKAPBAHAN[[NAMA BAHAN]:[MODAL SATUAN]],2,FALSE) -> 35000 | E9: =VLOOKUP(TBLZAMBISOSYAM[NAMA BAHAN],[2]!TBLREKAPBAHAN[[NAMA BAHAN]:[MODAL SATUAN]],3,FALSE) -> 1000 | G9: =VLOOKUP(TBLZAMBISOSYAM[NAMA BAHAN],[2]!TBLREKAPBAHAN[[NAMA BAHAN]:[MODAL SATUAN]],4,FALSE) -> 35 | H9: =VLOOKUP(TBLZAMBISOSYAM[NAMA BAHAN],[2]!TBLREKAPBAHAN[[NAMA BAHAN]:[MODAL SATUAN]],4,FALSE) -> 35 | I9: 7.5 | J9: =H9*I9 -> 262.5
B10: 8 | C10: GULA PASIR | D10: =VLOOKUP(TBLZAMBISOSYAM[NAMA BAHAN],[2]!TBLREKAPBAHAN[[NAMA BAHAN]:[MODAL SATUAN]],2,FALSE) -> 18000 | E10: =VLOOKUP(TBLZAMBISOSYAM[NAMA BAHAN],[2]!TBLREKAPBAHAN[[NAMA BAHAN]:[MODAL SATUAN]],3,FALSE) -> 1000 | G10: =VLOOKUP(TBLZAMBISOSYAM[NAMA BAHAN],[2]!TBLREKAPBAHAN[[NAMA BAHAN]:[MODAL SATUAN]],4,FALSE) -> 18 | H10: =VLOOKUP(TBLZAMBISOSYAM[NAMA BAHAN],[2]!TBLREKAPBAHAN[[NAMA BAHAN]:[MODAL SATUAN]],4,FALSE) -> 18 | I10: 4.5 | J10: =H10*I10 -> 81
B11: 9 | C11: GARAM HALUS | D11: =VLOOKUP(TBLZAMBISOSYAM[NAMA BAHAN],[2]!TBLREKAPBAHAN[[NAMA BAHAN]:[MODAL SATUAN]],2,FALSE) -> 4000 | E11: =VLOOKUP(TBLZAMBISOSYAM[NAMA BAHAN],[2]!TBLREKAPBAHAN[[NAMA BAHAN]:[MODAL SATUAN]],3,FALSE) -> 250 | G11: =VLOOKUP(TBLZAMBISOSYAM[NAMA BAHAN],[2]!TBLREKAPBAHAN[[NAMA BAHAN]:[MODAL SATUAN]],4,FALSE) -> 16 | H11: =VLOOKUP(TBLZAMBISOSYAM[NAMA BAHAN],[2]!TBLREKAPBAHAN[[NAMA BAHAN]:[MODAL SATUAN]],4,FALSE) -> 16 | I11: 0.5 | J11: =H11*I11 -> 8
B12: 10 | C12: VERMIPAN | D12: =VLOOKUP(TBLZAMBISOSYAM[NAMA BAHAN],[2]!TBLREKAPBAHAN[[NAMA BAHAN]:[MODAL SATUAN]],2,FALSE) -> 7000 | E12: =VLOOKUP(TBLZAMBISOSYAM[NAMA BAHAN],[2]!TBLREKAPBAHAN[[NAMA BAHAN]:[MODAL SATUAN]],3,FALSE) -> 11 | G12: =VLOOKUP(TBLZAMBISOSYAM[NAMA BAHAN],[2]!TBLREKAPBAHAN[[NAMA BAHAN]:[MODAL SATUAN]],4,FALSE) -> 636.36364 | H12: =VLOOKUP(TBLZAMBISOSYAM[NAMA BAHAN],[2]!TBLREKAPBAHAN[[NAMA BAHAN]:[MODAL SATUAN]],4,FALSE) -> 636.36364 | I12: 0.5 | J12: =H12*I12 -> 318.18182
B13: 11 | C13: SUSU BUBUK | D13: =VLOOKUP(TBLZAMBISOSYAM[NAMA BAHAN],[2]!TBLREKAPBAHAN[[NAMA BAHAN]:[MODAL SATUAN]],2,FALSE) -> 18000 | E13: =VLOOKUP(TBLZAMBISOSYAM[NAMA BAHAN],[2]!TBLREKAPBAHAN[[NAMA BAHAN]:[MODAL SATUAN]],3,FALSE) -> 250 | G13: =VLOOKUP(TBLZAMBISOSYAM[NAMA BAHAN],[2]!TBLREKAPBAHAN[[NAMA BAHAN]:[MODAL SATUAN]],4,FALSE) -> 72 | H13: =VLOOKUP(TBLZAMBISOSYAM[NAMA BAHAN],[2]!TBLREKAPBAHAN[[NAMA BAHAN]:[MODAL SATUAN]],4,FALSE) -> 72 | I13: 5 | J13: =H13*I13 -> 360
B14: 12 | C14: TEPUNG SEGITIGA BIRU | D14: =VLOOKUP(TBLZAMBISOSYAM[NAMA BAHAN],[2]!TBLREKAPBAHAN[[NAMA BAHAN]:[MODAL SATUAN]],2,FALSE) -> 14000 | E14: =VLOOKUP(TBLZAMBISOSYAM[NAMA BAHAN],[2]!TBLREKAPBAHAN[[NAMA BAHAN]:[MODAL SATUAN]],3,FALSE) -> 1000 | G14: =VLOOKUP(TBLZAMBISOSYAM[NAMA BAHAN],[2]!TBLREKAPBAHAN[[NAMA BAHAN]:[MODAL SATUAN]],4,FALSE) -> 14 | H14: =VLOOKUP(TBLZAMBISOSYAM[NAMA BAHAN],[2]!TBLREKAPBAHAN[[NAMA BAHAN]:[MODAL SATUAN]],4,FALSE) -> 14 | I14: 10 | J14: =H14*I14 -> 140
B15: 13 | C15: TEPUNG CAKRA KEMBAR | D15: =VLOOKUP(TBLZAMBISOSYAM[NAMA BAHAN],[2]!TBLREKAPBAHAN[[NAMA BAHAN]:[MODAL SATUAN]],2,FALSE) -> 14000 | E15: =VLOOKUP(TBLZAMBISOSYAM[NAMA BAHAN],[2]!TBLREKAPBAHAN[[NAMA BAHAN]:[MODAL SATUAN]],3,FALSE) -> 1000 | G15: =VLOOKUP(TBLZAMBISOSYAM[NAMA BAHAN],[2]!TBLREKAPBAHAN[[NAMA BAHAN]:[MODAL SATUAN]],4,FALSE) -> 14 | H15: =VLOOKUP(TBLZAMBISOSYAM[NAMA BAHAN],[2]!TBLREKAPBAHAN[[NAMA BAHAN]:[MODAL SATUAN]],4,FALSE) -> 14 | I15: 20 | J15: =H15*I15 -> 280
... B22: 20 | C22: PLASTIK KLIP SEDANG 13 CM | D22: =VLOOKUP(TBLZAMBISOSYAM[NAMA BAHAN],[2]!TBLREKAPBAHAN[[NAMA BAHAN]:[MODAL SATUAN]],2,FALSE) -> 6000 | E22: =VLOOKUP(TBLZAMBISOSYAM[NAMA BAHAN],[2]!TBLREKAPBAHAN[[NAMA BAHAN]:[MODAL SATUAN]],3,FALSE) -> 100 | G22: =VLOOKUP(TBLZAMBISOSYAM[NAMA BAHAN],[2]!TBLREKAPBAHAN[[NAMA BAHAN]:[MODAL SATUAN]],4,FALSE) -> 60 | H22: =VLOOKUP(TBLZAMBISOSYAM[NAMA BAHAN],[2]!TBLREKAPBAHAN[[NAMA BAHAN]:[MODAL SATUAN]],4,FALSE) -> 60 | I22: 1 | J22: =H22*I22 -> 60
C23: MODAL | J23: =SUM(J3:J22) -> 5951.9406
A28: NAMA PRODUK | B28: KODE BAHAN | C28: NAMA BAHAN | D28: HARGA KULAK | E28: ISI | F28: SATUAN | G28: HARGA KULAK SATUAN | H28: MODAL SATUAN | I28: KEB. | J28: JUMLAH MODAL
A29: ZAMBI 10 CM DAGING SAPI | B29: 1 | C29: SAOS SPAGHETI GRAM | D29: =VLOOKUP(TBLZAMBIDAGINGSAPI[NAMA BAHAN],[2]!TBLREKAPBAHAN[[NAMA BAHAN]:[MODAL SATUAN]],2,FALSE) -> 12000 | E29: =VLOOKUP(TBLZAMBIDAGINGSAPI[NAMA BAHAN],[2]!TBLREKAPBAHAN[[NAMA BAHAN]:[MODAL SATUAN]],3,FALSE) -> 250 | G29: =VLOOKUP(TBLZAMBIDAGINGSAPI[NAMA BAHAN],[2]!TBLREKAPBAHAN[[NAMA BAHAN]:[MODAL SATUAN]],4,FALSE) -> 48 | H29: =VLOOKUP(TBLZAMBIDAGINGSAPI[NAMA BAHAN],[2]!TBLREKAPBAHAN[[NAMA BAHAN]:[MODAL SATUAN]],4,FALSE) -> 48 | I29: 20 | J29: =H29*I29 -> 960
B30: 2 | C30: SAOS BBQ GRAM | D30: =VLOOKUP(TBLZAMBIDAGINGSAPI[NAMA BAHAN],[2]!TBLREKAPBAHAN[[NAMA BAHAN]:[MODAL SATUAN]],2,FALSE) -> 12000 | E30: =VLOOKUP(TBLZAMBIDAGINGSAPI[NAMA BAHAN],[2]!TBLREKAPBAHAN[[NAMA BAHAN]:[MODAL SATUAN]],3,FALSE) -> 250 | G30: =VLOOKUP(TBLZAMBIDAGINGSAPI[NAMA BAHAN],[2]!TBLREKAPBAHAN[[NAMA BAHAN]:[MODAL SATUAN]],4,FALSE) -> 48 | H30: =VLOOKUP(TBLZAMBIDAGINGSAPI[NAMA BAHAN],[2]!TBLREKAPBAHAN[[NAMA BAHAN]:[MODAL SATUAN]],4,FALSE) -> 48 | I30: 10 | J30: =H30*I30 -> 480
B31: 3 | C31: DAGING SAPI | D31: =VLOOKUP(TBLZAMBIDAGINGSAPI[NAMA BAHAN],[2]!TBLREKAPBAHAN[[NAMA BAHAN]:[MODAL SATUAN]],2,FALSE) -> 85000 | E31: =VLOOKUP(TBLZAMBIDAGINGSAPI[NAMA BAHAN],[2]!TBLREKAPBAHAN[[NAMA BAHAN]:[MODAL SATUAN]],3,FALSE) -> 1000 | G31: =VLOOKUP(TBLZAMBIDAGINGSAPI[NAMA BAHAN],[2]!TBLREKAPBAHAN[[NAMA BAHAN]:[MODAL SATUAN]],4,FALSE) -> 85 | H31: =VLOOKUP(TBLZAMBIDAGINGSAPI[NAMA BAHAN],[2]!TBLREKAPBAHAN[[NAMA BAHAN]:[MODAL SATUAN]],4,FALSE) -> 85 | I31: 20 | J31: =H31*I31 -> 1700
B32: 4 | C32: SOSIZ BATANG | D32: =VLOOKUP(TBLZAMBIDAGINGSAPI[NAMA BAHAN],[2]!TBLREKAPBAHAN[[NAMA BAHAN]:[MODAL SATUAN]],2,FALSE) -> 35000 | E32: =VLOOKUP(TBLZAMBIDAGINGSAPI[NAMA BAHAN],[2]!TBLREKAPBAHAN[[NAMA BAHAN]:[MODAL SATUAN]],3,FALSE) -> 38 | G32: =VLOOKUP(TBLZAMBIDAGINGSAPI[NAMA BAHAN],[2]!TBLREKAPBAHAN[[NAMA BAHAN]:[MODAL SATUAN]],4,FALSE) -> 921.05263 | H32: =VLOOKUP(TBLZAMBIDAGINGSAPI[NAMA BAHAN],[2]!TBLREKAPBAHAN[[NAMA BAHAN]:[MODAL SATUAN]],4,FALSE) -> 921.05263 | I32: 0 | J32: =H32*I32 -> 0
B33: 5 | C33: AYAM SUWIR | D33: =VLOOKUP(TBLZAMBIDAGINGSAPI[NAMA BAHAN],[2]!TBLREKAPBAHAN[[NAMA BAHAN]:[MODAL SATUAN]],2,FALSE) -> 45000 | E33: =VLOOKUP(TBLZAMBIDAGINGSAPI[NAMA BAHAN],[2]!TBLREKAPBAHAN[[NAMA BAHAN]:[MODAL SATUAN]],3,FALSE) -> 400 | G33: =VLOOKUP(TBLZAMBIDAGINGSAPI[NAMA BAHAN],[2]!TBLREKAPBAHAN[[NAMA BAHAN]:[MODAL SATUAN]],4,FALSE) -> 112.5 | H33: =VLOOKUP(TBLZAMBIDAGINGSAPI[NAMA BAHAN],[2]!TBLREKAPBAHAN[[NAMA BAHAN]:[MODAL SATUAN]],4,FALSE) -> 112.5 | I33: 0 | J33: =H33*I33 -> 0
B34: 6 | C34: SAOS SAMBAL SACHET | D34: =VLOOKUP(TBLZAMBIDAGINGSAPI[NAMA BAHAN],[2]!TBLREKAPBAHAN[[NAMA BAHAN]:[MODAL SATUAN]],2,FALSE) -> 8000 | E34: =VLOOKUP(TBLZAMBIDAGINGSAPI[NAMA BAHAN],[2]!TBLREKAPBAHAN[[NAMA BAHAN]:[MODAL SATUAN]],3,FALSE) -> 24 | G34: =VLOOKUP(TBLZAMBIDAGINGSAPI[NAMA BAHAN],[2]!TBLREKAPBAHAN[[NAMA BAHAN]:[MODAL SATUAN]],4,FALSE) -> 333.33333 | H34: =VLOOKUP(TBLZAMBIDAGINGSAPI[NAMA BAHAN],[2]!TBLREKAPBAHAN[[NAMA BAHAN]:[MODAL SATUAN]],4,FALSE) -> 333.33333 | I34: 1 | J34: =H34*I34 -> 333.33333
B35: 7 | C35: MENTEGA | D35: =VLOOKUP(TBLZAMBIDAGINGSAPI[NAMA BAHAN],[2]!TBLREKAPBAHAN[[NAMA BAHAN]:[MODAL SATUAN]],2,FALSE) -> 35000 | E35: =VLOOKUP(TBLZAMBIDAGINGSAPI[NAMA BAHAN],[2]!TBLREKAPBAHAN[[NAMA BAHAN]:[MODAL SATUAN]],3,FALSE) -> 1000 | G35: =VLOOKUP(TBLZAMBIDAGINGSAPI[NAMA BAHAN],[2]!TBLREKAPBAHAN[[NAMA BAHAN]:[MODAL SATUAN]],4,FALSE) -> 35 | H35: =VLOOKUP(TBLZAMBIDAGINGSAPI[NAMA BAHAN],[2]!TBLREKAPBAHAN[[NAMA BAHAN]:[MODAL SATUAN]],4,FALSE) -> 35 | I35: 7.5 | J35: =H35*I35 -> 262.5
B36: 8 | C36: GULA PASIR | D36: =VLOOKUP(TBLZAMBIDAGINGSAPI[NAMA BAHAN],[2]!TBLREKAPBAHAN[[NAMA BAHAN]:[MODAL SATUAN]],2,FALSE) -> 18000 | E36: =VLOOKUP(TBLZAMBIDAGINGSAPI[NAMA BAHAN],[2]!TBLREKAPBAHAN[[NAMA BAHAN]:[MODAL SATUAN]],3,FALSE) -> 1000 | G36: =VLOOKUP(TBLZAMBIDAGINGSAPI[NAMA BAHAN],[2]!TBLREKAPBAHAN[[NAMA BAHAN]:[MODAL SATUAN]],4,FALSE) -> 18 | H36: =VLOOKUP(TBLZAMBIDAGINGSAPI[NAMA BAHAN],[2]!TBLREKAPBAHAN[[NAMA BAHAN]:[MODAL SATUAN]],4,FALSE) -> 18 | I36: 4.5 | J36: =H36*I36 -> 81
B37: 9 | C37: GARAM HALUS | D37: =VLOOKUP(TBLZAMBIDAGINGSAPI[NAMA BAHAN],[2]!TBLREKAPBAHAN[[NAMA BAHAN]:[MODAL SATUAN]],2,FALSE) -> 4000 | E37: =VLOOKUP(TBLZAMBIDAGINGSAPI[NAMA BAHAN],[2]!TBLREKAPBAHAN[[NAMA BAHAN]:[MODAL SATUAN]],3,FALSE) -> 250 | G37: =VLOOKUP(TBLZAMBIDAGINGSAPI[NAMA BAHAN],[2]!TBLREKAPBAHAN[[NAMA BAHAN]:[MODAL SATUAN]],4,FALSE) -> 16 | H37: =VLOOKUP(TBLZAMBIDAGINGSAPI[NAMA BAHAN],[2]!TBLREKAPBAHAN[[NAMA BAHAN]:[MODAL SATUAN]],4,FALSE) -> 16 | I37: 0.5 | J37: =H37*I37 -> 8
B38: 10 | C38: VERMIPAN | D38: =VLOOKUP(TBLZAMBIDAGINGSAPI[NAMA BAHAN],[2]!TBLREKAPBAHAN[[NAMA BAHAN]:[MODAL SATUAN]],2,FALSE) -> 7000 | E38: =VLOOKUP(TBLZAMBIDAGINGSAPI[NAMA BAHAN],[2]!TBLREKAPBAHAN[[NAMA BAHAN]:[MODAL SATUAN]],3,FALSE) -> 11 | G38: =VLOOKUP(TBLZAMBIDAGINGSAPI[NAMA BAHAN],[2]!TBLREKAPBAHAN[[NAMA BAHAN]:[MODAL SATUAN]],4,FALSE) -> 636.36364 | H38: =VLOOKUP(TBLZAMBIDAGINGSAPI[NAMA BAHAN],[2]!TBLREKAPBAHAN[[NAMA BAHAN]:[MODAL SATUAN]],4,FALSE) -> 636.36364 | I38: 0.5 | J38: =H38*I38 -> 318.18182
B39: 11 | C39: SUSU BUBUK | D39: =VLOOKUP(TBLZAMBIDAGINGSAPI[NAMA BAHAN],[2]!TBLREKAPBAHAN[[NAMA BAHAN]:[MODAL SATUAN]],2,FALSE) -> 18000 | E39: =VLOOKUP(TBLZAMBIDAGINGSAPI[NAMA BAHAN],[2]!TBLREKAPBAHAN[[NAMA BAHAN]:[MODAL SATUAN]],3,FALSE) -> 250 | G39: =VLOOKUP(TBLZAMBIDAGINGSAPI[NAMA BAHAN],[2]!TBLREKAPBAHAN[[NAMA BAHAN]:[MODAL SATUAN]],4,FALSE) -> 72 | H39: =VLOOKUP(TBLZAMBIDAGINGSAPI[NAMA BAHAN],[2]!TBLREKAPBAHAN[[NAMA BAHAN]:[MODAL SATUAN]],4,FALSE) -> 72 | I39: 5 | J39: =H39*I39 -> 360
B40: 12 | C40: TEPUNG SEGITIGA BIRU | D40: =VLOOKUP(TBLZAMBIDAGINGSAPI[NAMA BAHAN],[2]!TBLREKAPBAHAN[[NAMA BAHAN]:[MODAL SATUAN]],2,FALSE) -> 14000 | E40: =VLOOKUP(TBLZAMBIDAGINGSAPI[NAMA BAHAN],[2]!TBLREKAPBAHAN[[NAMA BAHAN]:[MODAL SATUAN]],3,FALSE) -> 1000 | G40: =VLOOKUP(TBLZAMBIDAGINGSAPI[NAMA BAHAN],[2]!TBLREKAPBAHAN[[NAMA BAHAN]:[MODAL SATUAN]],4,FALSE) -> 14 | H40: =VLOOKUP(TBLZAMBIDAGINGSAPI[NAMA BAHAN],[2]!TBLREKAPBAHAN[[NAMA BAHAN]:[MODAL SATUAN]],4,FALSE) -> 14 | I40: 10 | J40: =H40*I40 -> 140
B41: 13 | C41: TEPUNG CAKRA KEMBAR | D41: =VLOOKUP(TBLZAMBIDAGINGSAPI[NAMA BAHAN],[2]!TBLREKAPBAHAN[[NAMA BAHAN]:[MODAL SATUAN]],2,FALSE) -> 14000 | E41: =VLOOKUP(TBLZAMBIDAGINGSAPI[NAMA BAHAN],[2]!TBLREKAPBAHAN[[NAMA BAHAN]:[MODAL SATUAN]],3,FALSE) -> 1000 | G41: =VLOOKUP(TBLZAMBIDAGINGSAPI[NAMA BAHAN],[2]!TBLREKAPBAHAN[[NAMA BAHAN]:[MODAL SATUAN]],4,FALSE) -> 14 | H41: =VLOOKUP(TBLZAMBIDAGINGSAPI[NAMA BAHAN],[2]!TBLREKAPBAHAN[[NAMA BAHAN]:[MODAL SATUAN]],4,FALSE) -> 14 | I41: 20 | J41: =H41*I41 -> 280
... B48: 20 | C48: PLASTIK KLIP SEDANG 13 CM | D48: =VLOOKUP(TBLZAMBIDAGINGSAPI[NAMA BAHAN],[2]!TBLREKAPBAHAN[[NAMA BAHAN]:[MODAL SATUAN]],2,FALSE) -> 6000 | E48: =VLOOKUP(TBLZAMBIDAGINGSAPI[NAMA BAHAN],[2]!TBLREKAPBAHAN[[NAMA BAHAN]:[MODAL SATUAN]],3,FALSE) -> 100 | G48: =VLOOKUP(TBLZAMBIDAGINGSAPI[NAMA BAHAN],[2]!TBLREKAPBAHAN[[NAMA BAHAN]:[MODAL SATUAN]],4,FALSE) -> 60 | H48: =VLOOKUP(TBLZAMBIDAGINGSAPI[NAMA BAHAN],[2]!TBLREKAPBAHAN[[NAMA BAHAN]:[MODAL SATUAN]],4,FALSE) -> 60 | I48: 1 | J48: =H48*I48 -> 60
C49: MODAL | J49: =SUM(J29:J48) -> 5605.888

Sheet BURGER
A1: NAMA PRODUK | B1: KODE BAHAN | C1: NAMA BAHAN | D1: HARGA KULAK | E1: ISI | F1: SATUAN | G1: HARGA KULAK SATUAN | H1: MODAL SATUAN | I1: KEB. | J1: JUMLAH MODAL | L1: NAMA PRODUK | M1: KODE BAHAN | N1: NAMA BAHAN | O1: HARGA KULAK | P1: ISI | Q1: SATUAN | R1: HARGA KULAK SATUAN | S1: MODAL SATUAN | T1: SINGLE | U1: JUMLAH MODAL | V1: DOUBLE | W1: JUMLAH MODAL2 | Z1: NAMA PRODUK | AA1: KODE BAHAN | AB1: NAMA BAHAN | AC1: HARGA KULAK | AD1: ISI | AE1: SATUAN | AF1: HARGA KULAK SATUAN | AG1: MODAL SATUAN | AH1: KEB. | AI1: JUMLAH MODAL | AK1: NAMA PRODUK | AL1: KODE BAHAN | AM1: NAMA BAHAN | AN1: HARGA KULAK | AO1: ISI | AP1: SATUAN | AQ1: HARGA KULAK SATUAN | AR1: MODAL SATUAN | AS1: KEB. | AT1: JUMLAH MODAL
A2: BURGER MEDIUM NUGGET AYAM | B2: 1 | C2: SAOS TOMAT GRAM | D2: =VLOOKUP(TBLBURGERNUGGETAYAM[NAMA BAHAN],[2]!TBLREKAPBAHAN[[NAMA BAHAN]:[MODAL SATUAN]],2,FALSE) -> 20000 | E2: =VLOOKUP(TBLBURGERNUGGETAYAM[NAMA BAHAN],[2]!TBLREKAPBAHAN[[NAMA BAHAN]:[MODAL SATUAN]],3,FALSE) -> 1000 | F2: GRAM | G2: =VLOOKUP(TBLBURGERNUGGETAYAM[NAMA BAHAN],[2]!TBLREKAPBAHAN[[NAMA BAHAN]:[MODAL SATUAN]],4,FALSE) -> 20 | H2: =VLOOKUP(TBLBURGERNUGGETAYAM[NAMA BAHAN],[2]!TBLREKAPBAHAN[[NAMA BAHAN]:[MODAL SATUAN]],4,FALSE) -> 20 | I2: 15 | J2: =H2*I2 -> 300 | L2: BURGER MEDIUM DAGING SAPI | M2: 1 | N2: SAOS TOMAT GRAM | O2: =VLOOKUP(TBLBURGERDAGINGSAPI[NAMA BAHAN],[2]!TBLREKAPBAHAN[[NAMA BAHAN]:[MODAL SATUAN]],2,FALSE) -> 20000 | P2: =VLOOKUP(TBLBURGERDAGINGSAPI[NAMA BAHAN],[2]!TBLREKAPBAHAN[[NAMA BAHAN]:[MODAL SATUAN]],3,FALSE) -> 1000 | Q2: GRAM | R2: =VLOOKUP(TBLBURGERDAGINGSAPI[NAMA BAHAN],[2]!TBLREKAPBAHAN[[NAMA BAHAN]:[MODAL SATUAN]],4,FALSE) -> 20 | S2: =VLOOKUP(TBLBURGERDAGINGSAPI[NAMA BAHAN],[2]!TBLREKAPBAHAN[[NAMA BAHAN]:[MODAL SATUAN]],4,FALSE) -> 20 | T2: 15 | U2: =S2*T2 -> 300 | V2: 15 | W2: =TBLBURGERDAGINGSAPI[[#This Row],[MODAL SATUAN]]*TBLBURGERDAGINGSAPI[[#This Row],[DOUBLE]] -> 300 | Z2: BURGER MEDIUM DAGING SAPI TANPA SAYUR | AA2: 1 | AB2: SAOS TOMAT GRAM | AC2: =VLOOKUP(TBLBURGERDAGINGSAPITANPASAYUR[NAMA BAHAN],[2]!TBLREKAPBAHAN[[NAMA BAHAN]:[MODAL SATUAN]],2,FALSE) -> 20000 | AD2: =VLOOKUP(TBLBURGERDAGINGSAPITANPASAYUR[NAMA BAHAN],[2]!TBLREKAPBAHAN[[NAMA BAHAN]:[MODAL SATUAN]],3,FALSE) -> 1000 | AE2: GRAM | AF2: =VLOOKUP(TBLBURGERDAGINGSAPITANPASAYUR[NAMA BAHAN],[2]!TBLREKAPBAHAN[[NAMA BAHAN]:[MODAL SATUAN]],4,FALSE) -> 20 | AG2: =VLOOKUP(TBLBURGERDAGINGSAPITANPASAYUR[NAMA BAHAN],[2]!TBLREKAPBAHAN[[NAMA BAHAN]:[MODAL SATUAN]],4,FALSE) -> 20 | AH2: 15 | AI2: =AG2*AH2 -> 300 | AK2: BURGER MEDIUM NUGGET AYAM TANPA SAYUR | AL2: 1 | AM2: SAOS TOMAT GRAM | AN2: =VLOOKUP(TBLBURGERNUGGETAYAMTANPASAYUR[NAMA BAHAN],[2]!TBLREKAPBAHAN[[NAMA BAHAN]:[MODAL SATUAN]],2,FALSE) -> 20000 | AO2: =VLOOKUP(TBLBURGERNUGGETAYAMTANPASAYUR[NAMA BAHAN],[2]!TBLREKAPBAHAN[[NAMA BAHAN]:[MODAL SATUAN]],3,FALSE) -> 1000 | AP2: GRAM | AQ2: =VLOOKUP(TBLBURGERNUGGETAYAMTANPASAYUR[NAMA BAHAN],[2]!TBLREKAPBAHAN[[NAMA BAHAN]:[MODAL SATUAN]],4,FALSE) -> 20 | AR2: =VLOOKUP(TBLBURGERNUGGETAYAMTANPASAYUR[NAMA BAHAN],[2]!TBLREKAPBAHAN[[NAMA BAHAN]:[MODAL SATUAN]],4,FALSE) -> 20 | AS2: 15 | AT2: =AR2*AS2 -> 300
B3: 2 | C3: SAOS BBQ GRAM | D3: =VLOOKUP(TBLBURGERNUGGETAYAM[NAMA BAHAN],[2]!TBLREKAPBAHAN[[NAMA BAHAN]:[MODAL SATUAN]],2,FALSE) -> 12000 | E3: =VLOOKUP(TBLBURGERNUGGETAYAM[NAMA BAHAN],[2]!TBLREKAPBAHAN[[NAMA BAHAN]:[MODAL SATUAN]],3,FALSE) -> 250 | F3: GRAM | G3: =VLOOKUP(TBLBURGERNUGGETAYAM[NAMA BAHAN],[2]!TBLREKAPBAHAN[[NAMA BAHAN]:[MODAL SATUAN]],4,FALSE) -> 48 | H3: =VLOOKUP(TBLBURGERNUGGETAYAM[NAMA BAHAN],[2]!TBLREKAPBAHAN[[NAMA BAHAN]:[MODAL SATUAN]],4,FALSE) -> 48 | I3: 15 | J3: =H3*I3 -> 720 | M3: 2 | N3: SAOS BBQ GRAM | O3: =VLOOKUP(TBLBURGERDAGINGSAPI[NAMA BAHAN],[2]!TBLREKAPBAHAN[[NAMA BAHAN]:[MODAL SATUAN]],2,FALSE) -> 12000 | P3: =VLOOKUP(TBLBURGERDAGINGSAPI[NAMA BAHAN],[2]!TBLREKAPBAHAN[[NAMA BAHAN]:[MODAL SATUAN]],3,FALSE) -> 250 | Q3: GRAM | R3: =VLOOKUP(TBLBURGERDAGINGSAPI[NAMA BAHAN],[2]!TBLREKAPBAHAN[[NAMA BAHAN]:[MODAL SATUAN]],4,FALSE) -> 48 | S3: =VLOOKUP(TBLBURGERDAGINGSAPI[NAMA BAHAN],[2]!TBLREKAPBAHAN[[NAMA BAHAN]:[MODAL SATUAN]],4,FALSE) -> 48 | T3: 15 | U3: =S3*T3 -> 720 | V3: 15 | W3: =TBLBURGERDAGINGSAPI[[#This Row],[MODAL SATUAN]]*TBLBURGERDAGINGSAPI[[#This Row],[DOUBLE]] -> 720 | AA3: 2 | AB3: SAOS BBQ GRAM | AC3: =VLOOKUP(TBLBURGERDAGINGSAPITANPASAYUR[NAMA BAHAN],[2]!TBLREKAPBAHAN[[NAMA BAHAN]:[MODAL SATUAN]],2,FALSE) -> 12000 | AD3: =VLOOKUP(TBLBURGERDAGINGSAPITANPASAYUR[NAMA BAHAN],[2]!TBLREKAPBAHAN[[NAMA BAHAN]:[MODAL SATUAN]],3,FALSE) -> 250 | AE3: GRAM | AF3: =VLOOKUP(TBLBURGERDAGINGSAPITANPASAYUR[NAMA BAHAN],[2]!TBLREKAPBAHAN[[NAMA BAHAN]:[MODAL SATUAN]],4,FALSE) -> 48 | AG3: =VLOOKUP(TBLBURGERDAGINGSAPITANPASAYUR[NAMA BAHAN],[2]!TBLREKAPBAHAN[[NAMA BAHAN]:[MODAL SATUAN]],4,FALSE) -> 48 | AH3: 15 | AI3: =AG3*AH3 -> 720 | AL3: 2 | AM3: SAOS BBQ GRAM | AN3: =VLOOKUP(TBLBURGERNUGGETAYAMTANPASAYUR[NAMA BAHAN],[2]!TBLREKAPBAHAN[[NAMA BAHAN]:[MODAL SATUAN]],2,FALSE) -> 12000 | AO3: =VLOOKUP(TBLBURGERNUGGETAYAMTANPASAYUR[NAMA BAHAN],[2]!TBLREKAPBAHAN[[NAMA BAHAN]:[MODAL SATUAN]],3,FALSE) -> 250 | AP3: GRAM | AQ3: =VLOOKUP(TBLBURGERNUGGETAYAMTANPASAYUR[NAMA BAHAN],[2]!TBLREKAPBAHAN[[NAMA BAHAN]:[MODAL SATUAN]],4,FALSE) -> 48 | AR3: =VLOOKUP(TBLBURGERNUGGETAYAMTANPASAYUR[NAMA BAHAN],[2]!TBLREKAPBAHAN[[NAMA BAHAN]:[MODAL SATUAN]],4,FALSE) -> 48 | AS3: 15 | AT3: =AR3*AS3 -> 720
B4: 3 | C4: MAYONAIS GRAM | D4: =VLOOKUP(TBLBURGERNUGGETAYAM[NAMA BAHAN],[2]!TBLREKAPBAHAN[[NAMA BAHAN]:[MODAL SATUAN]],2,FALSE) -> 50000 | E4: =VLOOKUP(TBLBURGERNUGGETAYAM[NAMA BAHAN],[2]!TBLREKAPBAHAN[[NAMA BAHAN]:[MODAL SATUAN]],3,FALSE) -> 1000 | F4: GRAM | G4: =VLOOKUP(TBLBURGERNUGGETAYAM[NAMA BAHAN],[2]!TBLREKAPBAHAN[[NAMA BAHAN]:[MODAL SATUAN]],4,FALSE) -> 50 | H4: =VLOOKUP(TBLBURGERNUGGETAYAM[NAMA BAHAN],[2]!TBLREKAPBAHAN[[NAMA BAHAN]:[MODAL SATUAN]],4,FALSE) -> 50 | I4: 15 | J4: =H4*I4 -> 750 | M4: 3 | N4: MAYONAIS GRAM | O4: =VLOOKUP(TBLBURGERDAGINGSAPI[NAMA BAHAN],[2]!TBLREKAPBAHAN[[NAMA BAHAN]:[MODAL SATUAN]],2,FALSE) -> 50000 | P4: =VLOOKUP(TBLBURGERDAGINGSAPI[NAMA BAHAN],[2]!TBLREKAPBAHAN[[NAMA BAHAN]:[MODAL SATUAN]],3,FALSE) -> 1000 | Q4: GRAM | R4: =VLOOKUP(TBLBURGERDAGINGSAPI[NAMA BAHAN],[2]!TBLREKAPBAHAN[[NAMA BAHAN]:[MODAL SATUAN]],4,FALSE) -> 50 | S4: =VLOOKUP(TBLBURGERDAGINGSAPI[NAMA BAHAN],[2]!TBLREKAPBAHAN[[NAMA BAHAN]:[MODAL SATUAN]],4,FALSE) -> 50 | T4: 15 | U4: =S4*T4 -> 750 | V4: 15 | W4: =TBLBURGERDAGINGSAPI[[#This Row],[MODAL SATUAN]]*TBLBURGERDAGINGSAPI[[#This Row],[DOUBLE]] -> 750 | AA4: 3 | AB4: MAYONAIS GRAM | AC4: =VLOOKUP(TBLBURGERDAGINGSAPITANPASAYUR[NAMA BAHAN],[2]!TBLREKAPBAHAN[[NAMA BAHAN]:[MODAL SATUAN]],2,FALSE) -> 50000 | AD4: =VLOOKUP(TBLBURGERDAGINGSAPITANPASAYUR[NAMA BAHAN],[2]!TBLREKAPBAHAN[[NAMA BAHAN]:[MODAL SATUAN]],3,FALSE) -> 1000 | AE4: GRAM | AF4: =VLOOKUP(TBLBURGERDAGINGSAPITANPASAYUR[NAMA BAHAN],[2]!TBLREKAPBAHAN[[NAMA BAHAN]:[MODAL SATUAN]],4,FALSE) -> 50 | AG4: =VLOOKUP(TBLBURGERDAGINGSAPITANPASAYUR[NAMA BAHAN],[2]!TBLREKAPBAHAN[[NAMA BAHAN]:[MODAL SATUAN]],4,FALSE) -> 50 | AH4: 15 | AI4: =AG4*AH4 -> 750 | AL4: 3 | AM4: MAYONAIS GRAM | AN4: =VLOOKUP(TBLBURGERNUGGETAYAMTANPASAYUR[NAMA BAHAN],[2]!TBLREKAPBAHAN[[NAMA BAHAN]:[MODAL SATUAN]],2,FALSE) -> 50000 | AO4: =VLOOKUP(TBLBURGERNUGGETAYAMTANPASAYUR[NAMA BAHAN],[2]!TBLREKAPBAHAN[[NAMA BAHAN]:[MODAL SATUAN]],3,FALSE) -> 1000 | AP4: GRAM | AQ4: =VLOOKUP(TBLBURGERNUGGETAYAMTANPASAYUR[NAMA BAHAN],[2]!TBLREKAPBAHAN[[NAMA BAHAN]:[MODAL SATUAN]],4,FALSE) -> 50 | AR4: =VLOOKUP(TBLBURGERNUGGETAYAMTANPASAYUR[NAMA BAHAN],[2]!TBLREKAPBAHAN[[NAMA BAHAN]:[MODAL SATUAN]],4,FALSE) -> 50 | AS4: 15 | AT4: =AR4*AS4 -> 750
B5: 4 | C5: SAOS SAMBAL SACHET | D5: =VLOOKUP(TBLBURGERNUGGETAYAM[NAMA BAHAN],[2]!TBLREKAPBAHAN[[NAMA BAHAN]:[MODAL SATUAN]],2,FALSE) -> 8000 | E5: =VLOOKUP(TBLBURGERNUGGETAYAM[NAMA BAHAN],[2]!TBLREKAPBAHAN[[NAMA BAHAN]:[MODAL SATUAN]],3,FALSE) -> 24 | F5: SACHET | G5: =VLOOKUP(TBLBURGERNUGGETAYAM[NAMA BAHAN],[2]!TBLREKAPBAHAN[[NAMA BAHAN]:[MODAL SATUAN]],4,FALSE) -> 333.33333 | H5: =VLOOKUP(TBLBURGERNUGGETAYAM[NAMA BAHAN],[2]!TBLREKAPBAHAN[[NAMA BAHAN]:[MODAL SATUAN]],4,FALSE) -> 333.33333 | I5: 1 | J5: =H5*I5 -> 333.33333 | M5: 4 | N5: SAOS SAMBAL SACHET | O5: =VLOOKUP(TBLBURGERDAGINGSAPI[NAMA BAHAN],[2]!TBLREKAPBAHAN[[NAMA BAHAN]:[MODAL SATUAN]],2,FALSE) -> 8000 | P5: =VLOOKUP(TBLBURGERDAGINGSAPI[NAMA BAHAN],[2]!TBLREKAPBAHAN[[NAMA BAHAN]:[MODAL SATUAN]],3,FALSE) -> 24 | Q5: SACHET | R5: =VLOOKUP(TBLBURGERDAGINGSAPI[NAMA BAHAN],[2]!TBLREKAPBAHAN[[NAMA BAHAN]:[MODAL SATUAN]],4,FALSE) -> 333.33333 | S5: =VLOOKUP(TBLBURGERDAGINGSAPI[NAMA BAHAN],[2]!TBLREKAPBAHAN[[NAMA BAHAN]:[MODAL SATUAN]],4,FALSE) -> 333.33333 | T5: 1 | U5: =S5*T5 -> 333.33333 | V5: 1 | W5: =TBLBURGERDAGINGSAPI[[#This Row],[MODAL SATUAN]]*TBLBURGERDAGINGSAPI[[#This Row],[DOUBLE]] -> 333.33333 | AA5: 4 | AB5: SAOS SAMBAL SACHET | AC5: =VLOOKUP(TBLBURGERDAGINGSAPITANPASAYUR[NAMA BAHAN],[2]!TBLREKAPBAHAN[[NAMA BAHAN]:[MODAL SATUAN]],2,FALSE) -> 8000 | AD5: =VLOOKUP(TBLBURGERDAGINGSAPITANPASAYUR[NAMA BAHAN],[2]!TBLREKAPBAHAN[[NAMA BAHAN]:[MODAL SATUAN]],3,FALSE) -> 24 | AE5: SACHET | AF5: =VLOOKUP(TBLBURGERDAGINGSAPITANPASAYUR[NAMA BAHAN],[2]!TBLREKAPBAHAN[[NAMA BAHAN]:[MODAL SATUAN]],4,FALSE) -> 333.33333 | AG5: =VLOOKUP(TBLBURGERDAGINGSAPITANPASAYUR[NAMA BAHAN],[2]!TBLREKAPBAHAN[[NAMA BAHAN]:[MODAL SATUAN]],4,FALSE) -> 333.33333 | AH5: 1 | AI5: =AG5*AH5 -> 333.33333 | AL5: 4 | AM5: SAOS SAMBAL SACHET | AN5: =VLOOKUP(TBLBURGERNUGGETAYAMTANPASAYUR[NAMA BAHAN],[2]!TBLREKAPBAHAN[[NAMA BAHAN]:[MODAL SATUAN]],2,FALSE) -> 8000 | AO5: =VLOOKUP(TBLBURGERNUGGETAYAMTANPASAYUR[NAMA BAHAN],[2]!TBLREKAPBAHAN[[NAMA BAHAN]:[MODAL SATUAN]],3,FALSE) -> 24 | AP5: SACHET | AQ5: =VLOOKUP(TBLBURGERNUGGETAYAMTANPASAYUR[NAMA BAHAN],[2]!TBLREKAPBAHAN[[NAMA BAHAN]:[MODAL SATUAN]],4,FALSE) -> 333.33333 | AR5: =VLOOKUP(TBLBURGERNUGGETAYAMTANPASAYUR[NAMA BAHAN],[2]!TBLREKAPBAHAN[[NAMA BAHAN]:[MODAL SATUAN]],4,FALSE) -> 333.33333 | AS5: 1 | AT5: =AR5*AS5 -> 333.33333
B6: 5 | C6: KEJU SLICE MEDIUM SACHET | D6: =VLOOKUP(TBLBURGERNUGGETAYAM[NAMA BAHAN],[2]!TBLREKAPBAHAN[[NAMA BAHAN]:[MODAL SATUAN]],2,FALSE) -> 16000 | E6: =VLOOKUP(TBLBURGERNUGGETAYAM[NAMA BAHAN],[2]!TBLREKAPBAHAN[[NAMA BAHAN]:[MODAL SATUAN]],3,FALSE) -> 12 | F6: LEMBAR | G6: =VLOOKUP(TBLBURGERNUGGETAYAM[NAMA BAHAN],[2]!TBLREKAPBAHAN[[NAMA BAHAN]:[MODAL SATUAN]],4,FALSE) -> 1333.3333 | H6: =VLOOKUP(TBLBURGERNUGGETAYAM[NAMA BAHAN],[2]!TBLREKAPBAHAN[[NAMA BAHAN]:[MODAL SATUAN]],4,FALSE) -> 1333.3333 | I6: 1 | J6: =H6*I6 -> 1333.3333 | M6: 5 | N6: KEJU SLICE MEDIUM SACHET | O6: =VLOOKUP(TBLBURGERDAGINGSAPI[NAMA BAHAN],[2]!TBLREKAPBAHAN[[NAMA BAHAN]:[MODAL SATUAN]],2,FALSE) -> 16000 | P6: =VLOOKUP(TBLBURGERDAGINGSAPI[NAMA BAHAN],[2]!TBLREKAPBAHAN[[NAMA BAHAN]:[MODAL SATUAN]],3,FALSE) -> 12 | Q6: LEMBAR | R6: =VLOOKUP(TBLBURGERDAGINGSAPI[NAMA BAHAN],[2]!TBLREKAPBAHAN[[NAMA BAHAN]:[MODAL SATUAN]],4,FALSE) -> 1333.3333 | S6: =VLOOKUP(TBLBURGERDAGINGSAPI[NAMA BAHAN],[2]!TBLREKAPBAHAN[[NAMA BAHAN]:[MODAL SATUAN]],4,FALSE) -> 1333.3333 | T6: 1 | U6: =S6*T6 -> 1333.3333 | V6: 1 | W6: =TBLBURGERDAGINGSAPI[[#This Row],[MODAL SATUAN]]*TBLBURGERDAGINGSAPI[[#This Row],[DOUBLE]] -> 1333.3333 | AA6: 5 | AB6: KEJU SLICE MEDIUM SACHET | AC6: =VLOOKUP(TBLBURGERDAGINGSAPITANPASAYUR[NAMA BAHAN],[2]!TBLREKAPBAHAN[[NAMA BAHAN]:[MODAL SATUAN]],2,FALSE) -> 16000 | AD6: =VLOOKUP(TBLBURGERDAGINGSAPITANPASAYUR[NAMA BAHAN],[2]!TBLREKAPBAHAN[[NAMA BAHAN]:[MODAL SATUAN]],3,FALSE) -> 12 | AE6: LEMBAR | AF6: =VLOOKUP(TBLBURGERDAGINGSAPITANPASAYUR[NAMA BAHAN],[2]!TBLREKAPBAHAN[[NAMA BAHAN]:[MODAL SATUAN]],4,FALSE) -> 1333.3333 | AG6: =VLOOKUP(TBLBURGERDAGINGSAPITANPASAYUR[NAMA BAHAN],[2]!TBLREKAPBAHAN[[NAMA BAHAN]:[MODAL SATUAN]],4,FALSE) -> 1333.3333 | AH6: 1 | AI6: =AG6*AH6 -> 1333.3333 | AL6: 5 | AM6: KEJU SLICE MEDIUM SACHET | AN6: =VLOOKUP(TBLBURGERNUGGETAYAMTANPASAYUR[NAMA BAHAN],[2]!TBLREKAPBAHAN[[NAMA BAHAN]:[MODAL SATUAN]],2,FALSE) -> 16000 | AO6: =VLOOKUP(TBLBURGERNUGGETAYAMTANPASAYUR[NAMA BAHAN],[2]!TBLREKAPBAHAN[[NAMA BAHAN]:[MODAL SATUAN]],3,FALSE) -> 12 | AP6: LEMBAR | AQ6: =VLOOKUP(TBLBURGERNUGGETAYAMTANPASAYUR[NAMA BAHAN],[2]!TBLREKAPBAHAN[[NAMA BAHAN]:[MODAL SATUAN]],4,FALSE) -> 1333.3333 | AR6: =VLOOKUP(TBLBURGERNUGGETAYAMTANPASAYUR[NAMA BAHAN],[2]!TBLREKAPBAHAN[[NAMA BAHAN]:[MODAL SATUAN]],4,FALSE) -> 1333.3333 | AS6: 2 | AT6: =AR6*AS6 -> 2666.6667
B7: 6 | C7: DAGING SAPI | D7: =VLOOKUP(TBLBURGERNUGGETAYAM[NAMA BAHAN],[2]!TBLREKAPBAHAN[[NAMA BAHAN]:[MODAL SATUAN]],2,FALSE) -> 85000 | E7: =VLOOKUP(TBLBURGERNUGGETAYAM[NAMA BAHAN],[2]!TBLREKAPBAHAN[[NAMA BAHAN]:[MODAL SATUAN]],3,FALSE) -> 1000 | F7: GRAM | G7: =VLOOKUP(TBLBURGERNUGGETAYAM[NAMA BAHAN],[2]!TBLREKAPBAHAN[[NAMA BAHAN]:[MODAL SATUAN]],4,FALSE) -> 85 | H7: =VLOOKUP(TBLBURGERNUGGETAYAM[NAMA BAHAN],[2]!TBLREKAPBAHAN[[NAMA BAHAN]:[MODAL SATUAN]],4,FALSE) -> 85 | I7: 0 | J7: =H7*I7 -> 0 | M7: 6 | N7: DAGING SAPI | O7: =VLOOKUP(TBLBURGERDAGINGSAPI[NAMA BAHAN],[2]!TBLREKAPBAHAN[[NAMA BAHAN]:[MODAL SATUAN]],2,FALSE) -> 85000 | P7: =VLOOKUP(TBLBURGERDAGINGSAPI[NAMA BAHAN],[2]!TBLREKAPBAHAN[[NAMA BAHAN]:[MODAL SATUAN]],3,FALSE) -> 1000 | Q7: GRAM | R7: =VLOOKUP(TBLBURGERDAGINGSAPI[NAMA BAHAN],[2]!TBLREKAPBAHAN[[NAMA BAHAN]:[MODAL SATUAN]],4,FALSE) -> 85 | S7: =VLOOKUP(TBLBURGERDAGINGSAPI[NAMA BAHAN],[2]!TBLREKAPBAHAN[[NAMA BAHAN]:[MODAL SATUAN]],4,FALSE) -> 85 | T7: 45 | U7: =S7*T7 -> 3825 | V7: 90 | W7: =TBLBURGERDAGINGSAPI[[#This Row],[MODAL SATUAN]]*TBLBURGERDAGINGSAPI[[#This Row],[DOUBLE]] -> 7650 | AA7: 6 | AB7: DAGING SAPI | AC7: =VLOOKUP(TBLBURGERDAGINGSAPITANPASAYUR[NAMA BAHAN],[2]!TBLREKAPBAHAN[[NAMA BAHAN]:[MODAL SATUAN]],2,FALSE) -> 85000 | AD7: =VLOOKUP(TBLBURGERDAGINGSAPITANPASAYUR[NAMA BAHAN],[2]!TBLREKAPBAHAN[[NAMA BAHAN]:[MODAL SATUAN]],3,FALSE) -> 1000 | AE7: GRAM | AF7: =VLOOKUP(TBLBURGERDAGINGSAPITANPASAYUR[NAMA BAHAN],[2]!TBLREKAPBAHAN[[NAMA BAHAN]:[MODAL SATUAN]],4,FALSE) -> 85 | AG7: =VLOOKUP(TBLBURGERDAGINGSAPITANPASAYUR[NAMA BAHAN],[2]!TBLREKAPBAHAN[[NAMA BAHAN]:[MODAL SATUAN]],4,FALSE) -> 85 | AH7: 45 | AI7: =AG7*AH7 -> 3825 | AL7: 6 | AM7: DAGING SAPI | AN7: =VLOOKUP(TBLBURGERNUGGETAYAMTANPASAYUR[NAMA BAHAN],[2]!TBLREKAPBAHAN[[NAMA BAHAN]:[MODAL SATUAN]],2,FALSE) -> 85000 | AO7: =VLOOKUP(TBLBURGERNUGGETAYAMTANPASAYUR[NAMA BAHAN],[2]!TBLREKAPBAHAN[[NAMA BAHAN]:[MODAL SATUAN]],3,FALSE) -> 1000 | AP7: GRAM | AQ7: =VLOOKUP(TBLBURGERNUGGETAYAMTANPASAYUR[NAMA BAHAN],[2]!TBLREKAPBAHAN[[NAMA BAHAN]:[MODAL SATUAN]],4,FALSE) -> 85 | AR7: =VLOOKUP(TBLBURGERNUGGETAYAMTANPASAYUR[NAMA BAHAN],[2]!TBLREKAPBAHAN[[NAMA BAHAN]:[MODAL SATUAN]],4,FALSE) -> 85 | AS7: 0 | AT7: =AR7*AS7 -> 0
B8: 7 | C8: NUGGET AYAM | D8: =VLOOKUP(TBLBURGERNUGGETAYAM[NAMA BAHAN],[2]!TBLREKAPBAHAN[[NAMA BAHAN]:[MODAL SATUAN]],2,FALSE) -> 22000 | E8: =VLOOKUP(TBLBURGERNUGGETAYAM[NAMA BAHAN],[2]!TBLREKAPBAHAN[[NAMA BAHAN]:[MODAL SATUAN]],3,FALSE) -> 6 | F8: BIJI | G8: =VLOOKUP(TBLBURGERNUGGETAYAM[NAMA BAHAN],[2]!TBLREKAPBAHAN[[NAMA BAHAN]:[MODAL SATUAN]],4,FALSE) -> 3666.6667 | H8: =VLOOKUP(TBLBURGERNUGGETAYAM[NAMA BAHAN],[2]!TBLREKAPBAHAN[[NAMA BAHAN]:[MODAL SATUAN]],4,FALSE) -> 3666.6667 | I8: 1 | J8: =H8*I8 -> 3666.6667 | M8: 7 | N8: NUGGET AYAM | O8: =VLOOKUP(TBLBURGERDAGINGSAPI[NAMA BAHAN],[2]!TBLREKAPBAHAN[[NAMA BAHAN]:[MODAL SATUAN]],2,FALSE) -> 22000 | P8: =VLOOKUP(TBLBURGERDAGINGSAPI[NAMA BAHAN],[2]!TBLREKAPBAHAN[[NAMA BAHAN]:[MODAL SATUAN]],3,FALSE) -> 6 | Q8: BIJI | R8: =VLOOKUP(TBLBURGERDAGINGSAPI[NAMA BAHAN],[2]!TBLREKAPBAHAN[[NAMA BAHAN]:[MODAL SATUAN]],4,FALSE) -> 3666.6667 | S8: =VLOOKUP(TBLBURGERDAGINGSAPI[NAMA BAHAN],[2]!TBLREKAPBAHAN[[NAMA BAHAN]:[MODAL SATUAN]],4,FALSE) -> 3666.6667 | T8: 0 | U8: =S8*T8 -> 0 | V8: 0 | W8: =TBLBURGERDAGINGSAPI[[#This Row],[MODAL SATUAN]]*TBLBURGERDAGINGSAPI[[#This Row],[DOUBLE]] -> 0 | AA8: 7 | AB8: NUGGET AYAM | AC8: =VLOOKUP(TBLBURGERDAGINGSAPITANPASAYUR[NAMA BAHAN],[2]!TBLREKAPBAHAN[[NAMA BAHAN]:[MODAL SATUAN]],2,FALSE) -> 22000 | AD8: =VLOOKUP(TBLBURGERDAGINGSAPITANPASAYUR[NAMA BAHAN],[2]!TBLREKAPBAHAN[[NAMA BAHAN]:[MODAL SATUAN]],3,FALSE) -> 6 | AE8: BIJI | AF8: =VLOOKUP(TBLBURGERDAGINGSAPITANPASAYUR[NAMA BAHAN],[2]!TBLREKAPBAHAN[[NAMA BAHAN]:[MODAL SATUAN]],4,FALSE) -> 3666.6667 | AG8: =VLOOKUP(TBLBURGERDAGINGSAPITANPASAYUR[NAMA BAHAN],[2]!TBLREKAPBAHAN[[NAMA BAHAN]:[MODAL SATUAN]],4,FALSE) -> 3666.6667 | AH8: 0 | AI8: =AG8*AH8 -> 0 | AL8: 7 | AM8: NUGGET AYAM | AN8: =VLOOKUP(TBLBURGERNUGGETAYAMTANPASAYUR[NAMA BAHAN],[2]!TBLREKAPBAHAN[[NAMA BAHAN]:[MODAL SATUAN]],2,FALSE) -> 22000 | AO8: =VLOOKUP(TBLBURGERNUGGETAYAMTANPASAYUR[NAMA BAHAN],[2]!TBLREKAPBAHAN[[NAMA BAHAN]:[MODAL SATUAN]],3,FALSE) -> 6 | AP8: BIJI | AQ8: =VLOOKUP(TBLBURGERNUGGETAYAMTANPASAYUR[NAMA BAHAN],[2]!TBLREKAPBAHAN[[NAMA BAHAN]:[MODAL SATUAN]],4,FALSE) -> 3666.6667 | AR8: =VLOOKUP(TBLBURGERNUGGETAYAMTANPASAYUR[NAMA BAHAN],[2]!TBLREKAPBAHAN[[NAMA BAHAN]:[MODAL SATUAN]],4,FALSE) -> 3666.6667 | AS8: 1 | AT8: =AR8*AS8 -> 3666.6667
B9: 8 | C9: ROTI BURGER MEDIUM | D9: =VLOOKUP(TBLBURGERNUGGETAYAM[NAMA BAHAN],[2]!TBLREKAPBAHAN[[NAMA BAHAN]:[MODAL SATUAN]],2,FALSE) -> 15000 | E9: =VLOOKUP(TBLBURGERNUGGETAYAM[NAMA BAHAN],[2]!TBLREKAPBAHAN[[NAMA BAHAN]:[MODAL SATUAN]],3,FALSE) -> 6 | F9: BIJI | G9: =VLOOKUP(TBLBURGERNUGGETAYAM[NAMA BAHAN],[2]!TBLREKAPBAHAN[[NAMA BAHAN]:[MODAL SATUAN]],4,FALSE) -> 2500 | H9: =VLOOKUP(TBLBURGERNUGGETAYAM[NAMA BAHAN],[2]!TBLREKAPBAHAN[[NAMA BAHAN]:[MODAL SATUAN]],4,FALSE) -> 2500 | I9: 1 | J9: =H9*I9 -> 2500 | M9: 8 | N9: ROTI BURGER MEDIUM | O9: =VLOOKUP(TBLBURGERDAGINGSAPI[NAMA BAHAN],[2]!TBLREKAPBAHAN[[NAMA BAHAN]:[MODAL SATUAN]],2,FALSE) -> 15000 | P9: =VLOOKUP(TBLBURGERDAGINGSAPI[NAMA BAHAN],[2]!TBLREKAPBAHAN[[NAMA BAHAN]:[MODAL SATUAN]],3,FALSE) -> 6 | Q9: BIJI | R9: =VLOOKUP(TBLBURGERDAGINGSAPI[NAMA BAHAN],[2]!TBLREKAPBAHAN[[NAMA BAHAN]:[MODAL SATUAN]],4,FALSE) -> 2500 | S9: =VLOOKUP(TBLBURGERDAGINGSAPI[NAMA BAHAN],[2]!TBLREKAPBAHAN[[NAMA BAHAN]:[MODAL SATUAN]],4,FALSE) -> 2500 | T9: 1 | U9: =S9*T9 -> 2500 | V9: 1 | W9: =TBLBURGERDAGINGSAPI[[#This Row],[MODAL SATUAN]]*TBLBURGERDAGINGSAPI[[#This Row],[DOUBLE]] -> 2500 | AA9: 8 | AB9: ROTI BURGER MEDIUM | AC9: =VLOOKUP(TBLBURGERDAGINGSAPITANPASAYUR[NAMA BAHAN],[2]!TBLREKAPBAHAN[[NAMA BAHAN]:[MODAL SATUAN]],2,FALSE) -> 15000 | AD9: =VLOOKUP(TBLBURGERDAGINGSAPITANPASAYUR[NAMA BAHAN],[2]!TBLREKAPBAHAN[[NAMA BAHAN]:[MODAL SATUAN]],3,FALSE) -> 6 | AE9: BIJI | AF9: =VLOOKUP(TBLBURGERDAGINGSAPITANPASAYUR[NAMA BAHAN],[2]!TBLREKAPBAHAN[[NAMA BAHAN]:[MODAL SATUAN]],4,FALSE) -> 2500 | AG9: =VLOOKUP(TBLBURGERDAGINGSAPITANPASAYUR[NAMA BAHAN],[2]!TBLREKAPBAHAN[[NAMA BAHAN]:[MODAL SATUAN]],4,FALSE) -> 2500 | AH9: 1 | AI9: =AG9*AH9 -> 2500 | AL9: 8 | AM9: ROTI BURGER MEDIUM | AN9: =VLOOKUP(TBLBURGERNUGGETAYAMTANPASAYUR[NAMA BAHAN],[2]!TBLREKAPBAHAN[[NAMA BAHAN]:[MODAL SATUAN]],2,FALSE) -> 15000 | AO9: =VLOOKUP(TBLBURGERNUGGETAYAMTANPASAYUR[NAMA BAHAN],[2]!TBLREKAPBAHAN[[NAMA BAHAN]:[MODAL SATUAN]],3,FALSE) -> 6 | AP9: BIJI | AQ9: =VLOOKUP(TBLBURGERNUGGETAYAMTANPASAYUR[NAMA BAHAN],[2]!TBLREKAPBAHAN[[NAMA BAHAN]:[MODAL SATUAN]],4,FALSE) -> 2500 | AR9: =VLOOKUP(TBLBURGERNUGGETAYAMTANPASAYUR[NAMA BAHAN],[2]!TBLREKAPBAHAN[[NAMA BAHAN]:[MODAL SATUAN]],4,FALSE) -> 2500 | AS9: 1 | AT9: =AR9*AS9 -> 2500
B10: 9 | C10: TIMUN IRIS | D10: =VLOOKUP(TBLBURGERNUGGETAYAM[NAMA BAHAN],[2]!TBLREKAPBAHAN[[NAMA BAHAN]:[MODAL SATUAN]],2,FALSE) -> 2000 | E10: =VLOOKUP(TBLBURGERNUGGETAYAM[NAMA BAHAN],[2]!TBLREKAPBAHAN[[NAMA BAHAN]:[MODAL SATUAN]],3,FALSE) -> 60 | F10: IRIS | G10: =VLOOKUP(TBLBURGERNUGGETAYAM[NAMA BAHAN],[2]!TBLREKAPBAHAN[[NAMA BAHAN]:[MODAL SATUAN]],4,FALSE) -> 33.333333 | H10: =VLOOKUP(TBLBURGERNUGGETAYAM[NAMA BAHAN],[2]!TBLREKAPBAHAN[[NAMA BAHAN]:[MODAL SATUAN]],4,FALSE) -> 33.333333 | I10: 3 | J10: =H10*I10 -> 100 | M10: 9 | N10: TIMUN IRIS | O10: =VLOOKUP(TBLBURGERDAGINGSAPI[NAMA BAHAN],[2]!TBLREKAPBAHAN[[NAMA BAHAN]:[MODAL SATUAN]],2,FALSE) -> 2000 | P10: =VLOOKUP(TBLBURGERDAGINGSAPI[NAMA BAHAN],[2]!TBLREKAPBAHAN[[NAMA BAHAN]:[MODAL SATUAN]],3,FALSE) -> 60 | Q10: IRIS | R10: =VLOOKUP(TBLBURGERDAGINGSAPI[NAMA BAHAN],[2]!TBLREKAPBAHAN[[NAMA BAHAN]:[MODAL SATUAN]],4,FALSE) -> 33.333333 | S10: =VLOOKUP(TBLBURGERDAGINGSAPI[NAMA BAHAN],[2]!TBLREKAPBAHAN[[NAMA BAHAN]:[MODAL SATUAN]],4,FALSE) -> 33.333333 | T10: 3 | U10: =S10*T10 -> 100 | V10: 3 | W10: =TBLBURGERDAGINGSAPI[[#This Row],[MODAL SATUAN]]*TBLBURGERDAGINGSAPI[[#This Row],[DOUBLE]] -> 100 | AA10: 9 | AB10: TIMUN IRIS | AC10: =VLOOKUP(TBLBURGERDAGINGSAPITANPASAYUR[NAMA BAHAN],[2]!TBLREKAPBAHAN[[NAMA BAHAN]:[MODAL SATUAN]],2,FALSE) -> 2000 | AD10: =VLOOKUP(TBLBURGERDAGINGSAPITANPASAYUR[NAMA BAHAN],[2]!TBLREKAPBAHAN[[NAMA BAHAN]:[MODAL SATUAN]],3,FALSE) -> 60 | AE10: IRIS | AF10: =VLOOKUP(TBLBURGERDAGINGSAPITANPASAYUR[NAMA BAHAN],[2]!TBLREKAPBAHAN[[NAMA BAHAN]:[MODAL SATUAN]],4,FALSE) -> 33.333333 | AG10: =VLOOKUP(TBLBURGERDAGINGSAPITANPASAYUR[NAMA BAHAN],[2]!TBLREKAPBAHAN[[NAMA BAHAN]:[MODAL SATUAN]],4,FALSE) -> 33.333333 | AH10: 0 | AI10: =AG10*AH10 -> 0 | AL10: 9 | AM10: TIMUN IRIS | AN10: =VLOOKUP(TBLBURGERNUGGETAYAMTANPASAYUR[NAMA BAHAN],[2]!TBLREKAPBAHAN[[NAMA BAHAN]:[MODAL SATUAN]],2,FALSE) -> 2000 | AO10: =VLOOKUP(TBLBURGERNUGGETAYAMTANPASAYUR[NAMA BAHAN],[2]!TBLREKAPBAHAN[[NAMA BAHAN]:[MODAL SATUAN]],3,FALSE) -> 60 | AP10: IRIS | AQ10: =VLOOKUP(TBLBURGERNUGGETAYAMTANPASAYUR[NAMA BAHAN],[2]!TBLREKAPBAHAN[[NAMA BAHAN]:[MODAL SATUAN]],4,FALSE) -> 33.333333 | AR10: =VLOOKUP(TBLBURGERNUGGETAYAMTANPASAYUR[NAMA BAHAN],[2]!TBLREKAPBAHAN[[NAMA BAHAN]:[MODAL SATUAN]],4,FALSE) -> 33.333333 | AS10: 0 | AT10: =AR10*AS10 -> 0
B11: 10 | C11: TOMAT IRIS | D11: =VLOOKUP(TBLBURGERNUGGETAYAM[NAMA BAHAN],[2]!TBLREKAPBAHAN[[NAMA BAHAN]:[MODAL SATUAN]],2,FALSE) -> 2000 | E11: =VLOOKUP(TBLBURGERNUGGETAYAM[NAMA BAHAN],[2]!TBLREKAPBAHAN[[NAMA BAHAN]:[MODAL SATUAN]],3,FALSE) -> 45 | F11: IRIS | G11: =VLOOKUP(TBLBURGERNUGGETAYAM[NAMA BAHAN],[2]!TBLREKAPBAHAN[[NAMA BAHAN]:[MODAL SATUAN]],4,FALSE) -> 44.444444 | H11: =VLOOKUP(TBLBURGERNUGGETAYAM[NAMA BAHAN],[2]!TBLREKAPBAHAN[[NAMA BAHAN]:[MODAL SATUAN]],4,FALSE) -> 44.444444 | I11: 2 | J11: =H11*I11 -> 88.888889 | M11: 10 | N11: TOMAT IRIS | O11: =VLOOKUP(TBLBURGERDAGINGSAPI[NAMA BAHAN],[2]!TBLREKAPBAHAN[[NAMA BAHAN]:[MODAL SATUAN]],2,FALSE) -> 2000 | P11: =VLOOKUP(TBLBURGERDAGINGSAPI[NAMA BAHAN],[2]!TBLREKAPBAHAN[[NAMA BAHAN]:[MODAL SATUAN]],3,FALSE) -> 45 | Q11: IRIS | R11: =VLOOKUP(TBLBURGERDAGINGSAPI[NAMA BAHAN],[2]!TBLREKAPBAHAN[[NAMA BAHAN]:[MODAL SATUAN]],4,FALSE) -> 44.444444 | S11: =VLOOKUP(TBLBURGERDAGINGSAPI[NAMA BAHAN],[2]!TBLREKAPBAHAN[[NAMA BAHAN]:[MODAL SATUAN]],4,FALSE) -> 44.444444 | T11: 2 | U11: =S11*T11 -> 88.888889 | V11: 2 | W11: =TBLBURGERDAGINGSAPI[[#This Row],[MODAL SATUAN]]*TBLBURGERDAGINGSAPI[[#This Row],[DOUBLE]] -> 88.888889 | AA11: 10 | AB11: TOMAT IRIS | AC11: =VLOOKUP(TBLBURGERDAGINGSAPITANPASAYUR[NAMA BAHAN],[2]!TBLREKAPBAHAN[[NAMA BAHAN]:[MODAL SATUAN]],2,FALSE) -> 2000 | AD11: =VLOOKUP(TBLBURGERDAGINGSAPITANPASAYUR[NAMA BAHAN],[2]!TBLREKAPBAHAN[[NAMA BAHAN]:[MODAL SATUAN]],3,FALSE) -> 45 | AE11: IRIS | AF11: =VLOOKUP(TBLBURGERDAGINGSAPITANPASAYUR[NAMA BAHAN],[2]!TBLREKAPBAHAN[[NAMA BAHAN]:[MODAL SATUAN]],4,FALSE) -> 44.444444 | AG11: =VLOOKUP(TBLBURGERDAGINGSAPITANPASAYUR[NAMA BAHAN],[2]!TBLREKAPBAHAN[[NAMA BAHAN]:[MODAL SATUAN]],4,FALSE) -> 44.444444 | AH11: 0 | AI11: =AG11*AH11 -> 0 | AL11: 10 | AM11: TOMAT IRIS | AN11: =VLOOKUP(TBLBURGERNUGGETAYAMTANPASAYUR[NAMA BAHAN],[2]!TBLREKAPBAHAN[[NAMA BAHAN]:[MODAL SATUAN]],2,FALSE) -> 2000 | AO11: =VLOOKUP(TBLBURGERNUGGETAYAMTANPASAYUR[NAMA BAHAN],[2]!TBLREKAPBAHAN[[NAMA BAHAN]:[MODAL SATUAN]],3,FALSE) -> 45 | AP11: IRIS | AQ11: =VLOOKUP(TBLBURGERNUGGETAYAMTANPASAYUR[NAMA BAHAN],[2]!TBLREKAPBAHAN[[NAMA BAHAN]:[MODAL SATUAN]],4,FALSE) -> 44.444444 | AR11: =VLOOKUP(TBLBURGERNUGGETAYAMTANPASAYUR[NAMA BAHAN],[2]!TBLREKAPBAHAN[[NAMA BAHAN]:[MODAL SATUAN]],4,FALSE) -> 44.444444 | AS11: 0 | AT11: =AR11*AS11 -> 0
B12: 11 | C12: SLADA | D12: =VLOOKUP(TBLBURGERNUGGETAYAM[NAMA BAHAN],[2]!TBLREKAPBAHAN[[NAMA BAHAN]:[MODAL SATUAN]],2,FALSE) -> 60000 | E12: =VLOOKUP(TBLBURGERNUGGETAYAM[NAMA BAHAN],[2]!TBLREKAPBAHAN[[NAMA BAHAN]:[MODAL SATUAN]],3,FALSE) -> 50 | F12: PORSI | G12: =VLOOKUP(TBLBURGERNUGGETAYAM[NAMA BAHAN],[2]!TBLREKAPBAHAN[[NAMA BAHAN]:[MODAL SATUAN]],4,FALSE) -> 1200 | H12: =VLOOKUP(TBLBURGERNUGGETAYAM[NAMA BAHAN],[2]!TBLREKAPBAHAN[[NAMA BAHAN]:[MODAL SATUAN]],4,FALSE) -> 1200 | I12: 0.5 | J12: =H12*I12 -> 600 | M12: 11 | N12: SLADA | O12: =VLOOKUP(TBLBURGERDAGINGSAPI[NAMA BAHAN],[2]!TBLREKAPBAHAN[[NAMA BAHAN]:[MODAL SATUAN]],2,FALSE) -> 60000 | P12: =VLOOKUP(TBLBURGERDAGINGSAPI[NAMA BAHAN],[2]!TBLREKAPBAHAN[[NAMA BAHAN]:[MODAL SATUAN]],3,FALSE) -> 50 | Q12: PORSI | R12: =VLOOKUP(TBLBURGERDAGINGSAPI[NAMA BAHAN],[2]!TBLREKAPBAHAN[[NAMA BAHAN]:[MODAL SATUAN]],4,FALSE) -> 1200 | S12: =VLOOKUP(TBLBURGERDAGINGSAPI[NAMA BAHAN],[2]!TBLREKAPBAHAN[[NAMA BAHAN]:[MODAL SATUAN]],4,FALSE) -> 1200 | T12: 0.5 | U12: =S12*T12 -> 600 | V12: 0.5 | W12: =TBLBURGERDAGINGSAPI[[#This Row],[MODAL SATUAN]]*TBLBURGERDAGINGSAPI[[#This Row],[DOUBLE]] -> 600 | AA12: 11 | AB12: SLADA | AC12: =VLOOKUP(TBLBURGERDAGINGSAPITANPASAYUR[NAMA BAHAN],[2]!TBLREKAPBAHAN[[NAMA BAHAN]:[MODAL SATUAN]],2,FALSE) -> 60000 | AD12: =VLOOKUP(TBLBURGERDAGINGSAPITANPASAYUR[NAMA BAHAN],[2]!TBLREKAPBAHAN[[NAMA BAHAN]:[MODAL SATUAN]],3,FALSE) -> 50 | AE12: PORSI | AF12: =VLOOKUP(TBLBURGERDAGINGSAPITANPASAYUR[NAMA BAHAN],[2]!TBLREKAPBAHAN[[NAMA BAHAN]:[MODAL SATUAN]],4,FALSE) -> 1200 | AG12: =VLOOKUP(TBLBURGERDAGINGSAPITANPASAYUR[NAMA BAHAN],[2]!TBLREKAPBAHAN[[NAMA BAHAN]:[MODAL SATUAN]],4,FALSE) -> 1200 | AH12: 0 | AI12: =AG12*AH12 -> 0 | AL12: 11 | AM12: SLADA | AN12: =VLOOKUP(TBLBURGERNUGGETAYAMTANPASAYUR[NAMA BAHAN],[2]!TBLREKAPBAHAN[[NAMA BAHAN]:[MODAL SATUAN]],2,FALSE) -> 60000 | AO12: =VLOOKUP(TBLBURGERNUGGETAYAMTANPASAYUR[NAMA BAHAN],[2]!TBLREKAPBAHAN[[NAMA BAHAN]:[MODAL SATUAN]],3,FALSE) -> 50 | AP12: PORSI | AQ12: =VLOOKUP(TBLBURGERNUGGETAYAMTANPASAYUR[NAMA BAHAN],[2]!TBLREKAPBAHAN[[NAMA BAHAN]:[MODAL SATUAN]],4,FALSE) -> 1200 | AR12: =VLOOKUP(TBLBURGERNUGGETAYAMTANPASAYUR[NAMA BAHAN],[2]!TBLREKAPBAHAN[[NAMA BAHAN]:[MODAL SATUAN]],4,FALSE) -> 1200 | AS12: 0 | AT12: =AR12*AS12 -> 0
B13: 12 | C13: MENTEGA | D13: =VLOOKUP(TBLBURGERNUGGETAYAM[NAMA BAHAN],[2]!TBLREKAPBAHAN[[NAMA BAHAN]:[MODAL SATUAN]],2,FALSE) -> 35000 | E13: =VLOOKUP(TBLBURGERNUGGETAYAM[NAMA BAHAN],[2]!TBLREKAPBAHAN[[NAMA BAHAN]:[MODAL SATUAN]],3,FALSE) -> 1000 | F13: GRAM | G13: =VLOOKUP(TBLBURGERNUGGETAYAM[NAMA BAHAN],[2]!TBLREKAPBAHAN[[NAMA BAHAN]:[MODAL SATUAN]],4,FALSE) -> 35 | H13: =VLOOKUP(TBLBURGERNUGGETAYAM[NAMA BAHAN],[2]!TBLREKAPBAHAN[[NAMA BAHAN]:[MODAL SATUAN]],4,FALSE) -> 35 | I13: 5 | J13: =H13*I13 -> 175 | M13: 12 | N13: MENTEGA | O13: =VLOOKUP(TBLBURGERDAGINGSAPI[NAMA BAHAN],[2]!TBLREKAPBAHAN[[NAMA BAHAN]:[MODAL SATUAN]],2,FALSE) -> 35000 | P13: =VLOOKUP(TBLBURGERDAGINGSAPI[NAMA BAHAN],[2]!TBLREKAPBAHAN[[NAMA BAHAN]:[MODAL SATUAN]],3,FALSE) -> 1000 | Q13: GRAM | R13: =VLOOKUP(TBLBURGERDAGINGSAPI[NAMA BAHAN],[2]!TBLREKAPBAHAN[[NAMA BAHAN]:[MODAL SATUAN]],4,FALSE) -> 35 | S13: =VLOOKUP(TBLBURGERDAGINGSAPI[NAMA BAHAN],[2]!TBLREKAPBAHAN[[NAMA BAHAN]:[MODAL SATUAN]],4,FALSE) -> 35 | T13: 5 | U13: =S13*T13 -> 175 | V13: 5 | W13: =TBLBURGERDAGINGSAPI[[#This Row],[MODAL SATUAN]]*TBLBURGERDAGINGSAPI[[#This Row],[DOUBLE]] -> 175 | AA13: 12 | AB13: MENTEGA | AC13: =VLOOKUP(TBLBURGERDAGINGSAPITANPASAYUR[NAMA BAHAN],[2]!TBLREKAPBAHAN[[NAMA BAHAN]:[MODAL SATUAN]],2,FALSE) -> 35000 | AD13: =VLOOKUP(TBLBURGERDAGINGSAPITANPASAYUR[NAMA BAHAN],[2]!TBLREKAPBAHAN[[NAMA BAHAN]:[MODAL SATUAN]],3,FALSE) -> 1000 | AE13: GRAM | AF13: =VLOOKUP(TBLBURGERDAGINGSAPITANPASAYUR[NAMA BAHAN],[2]!TBLREKAPBAHAN[[NAMA BAHAN]:[MODAL SATUAN]],4,FALSE) -> 35 | AG13: =VLOOKUP(TBLBURGERDAGINGSAPITANPASAYUR[NAMA BAHAN],[2]!TBLREKAPBAHAN[[NAMA BAHAN]:[MODAL SATUAN]],4,FALSE) -> 35 | AH13: 5 | AI13: =AG13*AH13 -> 175 | AL13: 12 | AM13: MENTEGA | AN13: =VLOOKUP(TBLBURGERNUGGETAYAMTANPASAYUR[NAMA BAHAN],[2]!TBLREKAPBAHAN[[NAMA BAHAN]:[MODAL SATUAN]],2,FALSE) -> 35000 | AO13: =VLOOKUP(TBLBURGERNUGGETAYAMTANPASAYUR[NAMA BAHAN],[2]!TBLREKAPBAHAN[[NAMA BAHAN]:[MODAL SATUAN]],3,FALSE) -> 1000 | AP13: GRAM | AQ13: =VLOOKUP(TBLBURGERNUGGETAYAMTANPASAYUR[NAMA BAHAN],[2]!TBLREKAPBAHAN[[NAMA BAHAN]:[MODAL SATUAN]],4,FALSE) -> 35 | AR13: =VLOOKUP(TBLBURGERNUGGETAYAMTANPASAYUR[NAMA BAHAN],[2]!TBLREKAPBAHAN[[NAMA BAHAN]:[MODAL SATUAN]],4,FALSE) -> 35 | AS13: 5 | AT13: =AR13*AS13 -> 175
B14: 13 | C14: GAS ELPIJI | D14: =VLOOKUP(TBLBURGERNUGGETAYAM[NAMA BAHAN],[2]!TBLREKAPBAHAN[[NAMA BAHAN]:[MODAL SATUAN]],2,FALSE) -> 23000 | E14: =VLOOKUP(TBLBURGERNUGGETAYAM[NAMA BAHAN],[2]!TBLREKAPBAHAN[[NAMA BAHAN]:[MODAL SATUAN]],3,FALSE) -> 3000 | F14: GRAM | G14: =VLOOKUP(TBLBURGERNUGGETAYAM[NAMA BAHAN],[2]!TBLREKAPBAHAN[[NAMA BAHAN]:[MODAL SATUAN]],4,FALSE) -> 7.6666667 | H14: =VLOOKUP(TBLBURGERNUGGETAYAM[NAMA BAHAN],[2]!TBLREKAPBAHAN[[NAMA BAHAN]:[MODAL SATUAN]],4,FALSE) -> 7.6666667 | I14: 5 | J14: =H14*I14 -> 38.333333 | M14: 13 | N14: GAS ELPIJI | O14: =VLOOKUP(TBLBURGERDAGINGSAPI[NAMA BAHAN],[2]!TBLREKAPBAHAN[[NAMA BAHAN]:[MODAL SATUAN]],2,FALSE) -> 23000 | P14: =VLOOKUP(TBLBURGERDAGINGSAPI[NAMA BAHAN],[2]!TBLREKAPBAHAN[[NAMA BAHAN]:[MODAL SATUAN]],3,FALSE) -> 3000 | Q14: GRAM | R14: =VLOOKUP(TBLBURGERDAGINGSAPI[NAMA BAHAN],[2]!TBLREKAPBAHAN[[NAMA BAHAN]:[MODAL SATUAN]],4,FALSE) -> 7.6666667 | S14: =VLOOKUP(TBLBURGERDAGINGSAPI[NAMA BAHAN],[2]!TBLREKAPBAHAN[[NAMA BAHAN]:[MODAL SATUAN]],4,FALSE) -> 7.6666667 | T14: 5 | U14: =S14*T14 -> 38.333333 | V14: 5 | W14: =TBLBURGERDAGINGSAPI[[#This Row],[MODAL SATUAN]]*TBLBURGERDAGINGSAPI[[#This Row],[DOUBLE]] -> 38.333333 | AA14: 13 | AB14: GAS ELPIJI | AC14: =VLOOKUP(TBLBURGERDAGINGSAPITANPASAYUR[NAMA BAHAN],[2]!TBLREKAPBAHAN[[NAMA BAHAN]:[MODAL SATUAN]],2,FALSE) -> 23000 | AD14: =VLOOKUP(TBLBURGERDAGINGSAPITANPASAYUR[NAMA BAHAN],[2]!TBLREKAPBAHAN[[NAMA BAHAN]:[MODAL SATUAN]],3,FALSE) -> 3000 | AE14: GRAM | AF14: =VLOOKUP(TBLBURGERDAGINGSAPITANPASAYUR[NAMA BAHAN],[2]!TBLREKAPBAHAN[[NAMA BAHAN]:[MODAL SATUAN]],4,FALSE) -> 7.6666667 | AG14: =VLOOKUP(TBLBURGERDAGINGSAPITANPASAYUR[NAMA BAHAN],[2]!TBLREKAPBAHAN[[NAMA BAHAN]:[MODAL SATUAN]],4,FALSE) -> 7.6666667 | AH14: 5 | AI14: =AG14*AH14 -> 38.333333 | AL14: 13 | AM14: GAS ELPIJI | AN14: =VLOOKUP(TBLBURGERNUGGETAYAMTANPASAYUR[NAMA BAHAN],[2]!TBLREKAPBAHAN[[NAMA BAHAN]:[MODAL SATUAN]],2,FALSE) -> 23000 | AO14: =VLOOKUP(TBLBURGERNUGGETAYAMTANPASAYUR[NAMA BAHAN],[2]!TBLREKAPBAHAN[[NAMA BAHAN]:[MODAL SATUAN]],3,FALSE) -> 3000 | AP14: GRAM | AQ14: =VLOOKUP(TBLBURGERNUGGETAYAMTANPASAYUR[NAMA BAHAN],[2]!TBLREKAPBAHAN[[NAMA BAHAN]:[MODAL SATUAN]],4,FALSE) -> 7.6666667 | AR14: =VLOOKUP(TBLBURGERNUGGETAYAMTANPASAYUR[NAMA BAHAN],[2]!TBLREKAPBAHAN[[NAMA BAHAN]:[MODAL SATUAN]],4,FALSE) -> 7.6666667 | AS14: 5 | AT14: =AR14*AS14 -> 38.333333
... B17: 16 | C17: KRESEK 15 CM | D17: =VLOOKUP(TBLBURGERNUGGETAYAM[NAMA BAHAN],[2]!TBLREKAPBAHAN[[NAMA BAHAN]:[MODAL SATUAN]],2,FALSE) -> 7000 | E17: =VLOOKUP(TBLBURGERNUGGETAYAM[NAMA BAHAN],[2]!TBLREKAPBAHAN[[NAMA BAHAN]:[MODAL SATUAN]],3,FALSE) -> 50 | F17: BIJI | G17: =VLOOKUP(TBLBURGERNUGGETAYAM[NAMA BAHAN],[2]!TBLREKAPBAHAN[[NAMA BAHAN]:[MODAL SATUAN]],4,FALSE) -> 140 | H17: =VLOOKUP(TBLBURGERNUGGETAYAM[NAMA BAHAN],[2]!TBLREKAPBAHAN[[NAMA BAHAN]:[MODAL SATUAN]],4,FALSE) -> 140 | I17: 1 | J17: =H17*I17 -> 140 | M17: 16 | N17: KRESEK 15 CM | O17: =VLOOKUP(TBLBURGERDAGINGSAPI[NAMA BAHAN],[2]!TBLREKAPBAHAN[[NAMA BAHAN]:[MODAL SATUAN]],2,FALSE) -> 7000 | P17: =VLOOKUP(TBLBURGERDAGINGSAPI[NAMA BAHAN],[2]!TBLREKAPBAHAN[[NAMA BAHAN]:[MODAL SATUAN]],3,FALSE) -> 50 | Q17: BIJI | R17: =VLOOKUP(TBLBURGERDAGINGSAPI[NAMA BAHAN],[2]!TBLREKAPBAHAN[[NAMA BAHAN]:[MODAL SATUAN]],4,FALSE) -> 140 | S17: =VLOOKUP(TBLBURGERDAGINGSAPI[NAMA BAHAN],[2]!TBLREKAPBAHAN[[NAMA BAHAN]:[MODAL SATUAN]],4,FALSE) -> 140 | T17: 1 | U17: =S17*T17 -> 140 | V17: 1 | W17: =TBLBURGERDAGINGSAPI[[#This Row],[MODAL SATUAN]]*TBLBURGERDAGINGSAPI[[#This Row],[DOUBLE]] -> 140 | AA17: 16 | AB17: KRESEK 15 CM | AC17: =VLOOKUP(TBLBURGERDAGINGSAPITANPASAYUR[NAMA BAHAN],[2]!TBLREKAPBAHAN[[NAMA BAHAN]:[MODAL SATUAN]],2,FALSE) -> 7000 | AD17: =VLOOKUP(TBLBURGERDAGINGSAPITANPASAYUR[NAMA BAHAN],[2]!TBLREKAPBAHAN[[NAMA BAHAN]:[MODAL SATUAN]],3,FALSE) -> 50 | AE17: BIJI | AF17: =VLOOKUP(TBLBURGERDAGINGSAPITANPASAYUR[NAMA BAHAN],[2]!TBLREKAPBAHAN[[NAMA BAHAN]:[MODAL SATUAN]],4,FALSE) -> 140 | AG17: =VLOOKUP(TBLBURGERDAGINGSAPITANPASAYUR[NAMA BAHAN],[2]!TBLREKAPBAHAN[[NAMA BAHAN]:[MODAL SATUAN]],4,FALSE) -> 140 | AH17: 1 | AI17: =AG17*AH17 -> 140 | AL17: 16 | AM17: KRESEK 15 CM | AN17: =VLOOKUP(TBLBURGERNUGGETAYAMTANPASAYUR[NAMA BAHAN],[2]!TBLREKAPBAHAN[[NAMA BAHAN]:[MODAL SATUAN]],2,FALSE) -> 7000 | AO17: =VLOOKUP(TBLBURGERNUGGETAYAMTANPASAYUR[NAMA BAHAN],[2]!TBLREKAPBAHAN[[NAMA BAHAN]:[MODAL SATUAN]],3,FALSE) -> 50 | AP17: BIJI | AQ17: =VLOOKUP(TBLBURGERNUGGETAYAMTANPASAYUR[NAMA BAHAN],[2]!TBLREKAPBAHAN[[NAMA BAHAN]:[MODAL SATUAN]],4,FALSE) -> 140 | AR17: =VLOOKUP(TBLBURGERNUGGETAYAMTANPASAYUR[NAMA BAHAN],[2]!TBLREKAPBAHAN[[NAMA BAHAN]:[MODAL SATUAN]],4,FALSE) -> 140 | AS17: 1 | AT17: =AR17*AS17 -> 140
C18: MODAL | J18: =SUM(J2:J17) -> 11679.556 | L18: MODAL | U18: =SUM(U2:U17) -> 11837.889 | W18: =SUM(W2:W17) -> 15662.889 | Z18: MODAL | AI18: =SUM(AI2:AI17) -> 11049 | AK18: MODAL | AT18: =SUM(AT2:AT17) -> 12224

Sheet ROCAS
A1: NAMA PRODUK | B1: KODE BAHAN | C1: NAMA BAHAN | D1: HARGA KULAK | E1: ISI | F1: SATUAN | G1: HARGA KULAK SATUAN | H1: MODAL SATUAN | I1: KEB | J1: JUMLAH MODAL
A2: ROCAS MEDIUM | B2: 1 | C2: SAOS TOMAT GRAM | D2: =VLOOKUP(TBLROCASMEDIUM[NAMA BAHAN],[2]!TBLREKAPBAHAN[[NAMA BAHAN]:[MODAL SATUAN]],2,FALSE) -> 20000 | E2: =VLOOKUP(TBLROCASMEDIUM[NAMA BAHAN],[2]!TBLREKAPBAHAN[[NAMA BAHAN]:[MODAL SATUAN]],3,FALSE) -> 1000 | F2: GRAM | G2: =VLOOKUP(TBLROCASMEDIUM[NAMA BAHAN],[2]!TBLREKAPBAHAN[[NAMA BAHAN]:[MODAL SATUAN]],4,FALSE) -> 20 | H2: =VLOOKUP(TBLROCASMEDIUM[NAMA BAHAN],[2]!TBLREKAPBAHAN[[NAMA BAHAN]:[MODAL SATUAN]],4,FALSE) -> 20 | I2: 10 | J2: =H2*I2 -> 200
B3: 2 | C3: SAOS SAMBAL GRAM | D3: =VLOOKUP(TBLROCASMEDIUM[NAMA BAHAN],[2]!TBLREKAPBAHAN[[NAMA BAHAN]:[MODAL SATUAN]],2,FALSE) -> 18000 | E3: =VLOOKUP(TBLROCASMEDIUM[NAMA BAHAN],[2]!TBLREKAPBAHAN[[NAMA BAHAN]:[MODAL SATUAN]],3,FALSE) -> 1000 | F3: GRAM | G3: =VLOOKUP(TBLROCASMEDIUM[NAMA BAHAN],[2]!TBLREKAPBAHAN[[NAMA BAHAN]:[MODAL SATUAN]],4,FALSE) -> 18 | H3: =VLOOKUP(TBLROCASMEDIUM[NAMA BAHAN],[2]!TBLREKAPBAHAN[[NAMA BAHAN]:[MODAL SATUAN]],4,FALSE) -> 18 | I3: 0 | J3: =H3*I3 -> 0
B4: 3 | C4: SAOS BBQ GRAM | D4: =VLOOKUP(TBLROCASMEDIUM[NAMA BAHAN],[2]!TBLREKAPBAHAN[[NAMA BAHAN]:[MODAL SATUAN]],2,FALSE) -> 12000 | E4: =VLOOKUP(TBLROCASMEDIUM[NAMA BAHAN],[2]!TBLREKAPBAHAN[[NAMA BAHAN]:[MODAL SATUAN]],3,FALSE) -> 250 | F4: GRAM | G4: =VLOOKUP(TBLROCASMEDIUM[NAMA BAHAN],[2]!TBLREKAPBAHAN[[NAMA BAHAN]:[MODAL SATUAN]],4,FALSE) -> 48 | H4: =VLOOKUP(TBLROCASMEDIUM[NAMA BAHAN],[2]!TBLREKAPBAHAN[[NAMA BAHAN]:[MODAL SATUAN]],4,FALSE) -> 48 | I4: 5 | J4: =H4*I4 -> 240
B5: 4 | C5: MAYONAIS GRAM | D5: =VLOOKUP(TBLROCASMEDIUM[NAMA BAHAN],[2]!TBLREKAPBAHAN[[NAMA BAHAN]:[MODAL SATUAN]],2,FALSE) -> 50000 | E5: =VLOOKUP(TBLROCASMEDIUM[NAMA BAHAN],[2]!TBLREKAPBAHAN[[NAMA BAHAN]:[MODAL SATUAN]],3,FALSE) -> 1000 | F5: GRAM | G5: =VLOOKUP(TBLROCASMEDIUM[NAMA BAHAN],[2]!TBLREKAPBAHAN[[NAMA BAHAN]:[MODAL SATUAN]],4,FALSE) -> 50 | H5: =VLOOKUP(TBLROCASMEDIUM[NAMA BAHAN],[2]!TBLREKAPBAHAN[[NAMA BAHAN]:[MODAL SATUAN]],4,FALSE) -> 50 | I5: 10 | J5: =H5*I5 -> 500
B6: 5 | C6: SAOS SAMBAL SACHET | D6: =VLOOKUP(TBLROCASMEDIUM[NAMA BAHAN],[2]!TBLREKAPBAHAN[[NAMA BAHAN]:[MODAL SATUAN]],2,FALSE) -> 8000 | E6: =VLOOKUP(TBLROCASMEDIUM[NAMA BAHAN],[2]!TBLREKAPBAHAN[[NAMA BAHAN]:[MODAL SATUAN]],3,FALSE) -> 24 | F6: SACHET | G6: =VLOOKUP(TBLROCASMEDIUM[NAMA BAHAN],[2]!TBLREKAPBAHAN[[NAMA BAHAN]:[MODAL SATUAN]],4,FALSE) -> 333.33333 | H6: =VLOOKUP(TBLROCASMEDIUM[NAMA BAHAN],[2]!TBLREKAPBAHAN[[NAMA BAHAN]:[MODAL SATUAN]],4,FALSE) -> 333.33333 | I6: 1 | J6: =H6*I6 -> 333.33333
B7: 6 | C7: SOSIZ BATANG | D7: =VLOOKUP(TBLROCASMEDIUM[NAMA BAHAN],[2]!TBLREKAPBAHAN[[NAMA BAHAN]:[MODAL SATUAN]],2,FALSE) -> 35000 | E7: =VLOOKUP(TBLROCASMEDIUM[NAMA BAHAN],[2]!TBLREKAPBAHAN[[NAMA BAHAN]:[MODAL SATUAN]],3,FALSE) -> 38 | F7: BATANG | G7: =VLOOKUP(TBLROCASMEDIUM[NAMA BAHAN],[2]!TBLREKAPBAHAN[[NAMA BAHAN]:[MODAL SATUAN]],4,FALSE) -> 921.05263 | H7: =VLOOKUP(TBLROCASMEDIUM[NAMA BAHAN],[2]!TBLREKAPBAHAN[[NAMA BAHAN]:[MODAL SATUAN]],4,FALSE) -> 921.05263 | I7: 1 | J7: =H7*I7 -> 921.05263
B8: 7 | C8: AYAM SUWIR | D8: =VLOOKUP(TBLROCASMEDIUM[NAMA BAHAN],[2]!TBLREKAPBAHAN[[NAMA BAHAN]:[MODAL SATUAN]],2,FALSE) -> 45000 | E8: =VLOOKUP(TBLROCASMEDIUM[NAMA BAHAN],[2]!TBLREKAPBAHAN[[NAMA BAHAN]:[MODAL SATUAN]],3,FALSE) -> 400 | F8: GRAM | G8: =VLOOKUP(TBLROCASMEDIUM[NAMA BAHAN],[2]!TBLREKAPBAHAN[[NAMA BAHAN]:[MODAL SATUAN]],4,FALSE) -> 112.5 | H8: =VLOOKUP(TBLROCASMEDIUM[NAMA BAHAN],[2]!TBLREKAPBAHAN[[NAMA BAHAN]:[MODAL SATUAN]],4,FALSE) -> 112.5 | I8: 12 | J8: =H8*I8 -> 1350
B9: 8 | C9: ROTI ROCAS MEDIUM | D9: =VLOOKUP(TBLROCASMEDIUM[NAMA BAHAN],[2]!TBLREKAPBAHAN[[NAMA BAHAN]:[MODAL SATUAN]],2,FALSE) -> 15000 | E9: =VLOOKUP(TBLROCASMEDIUM[NAMA BAHAN],[2]!TBLREKAPBAHAN[[NAMA BAHAN]:[MODAL SATUAN]],3,FALSE) -> 6 | F9: BIJI | G9: =VLOOKUP(TBLROCASMEDIUM[NAMA BAHAN],[2]!TBLREKAPBAHAN[[NAMA BAHAN]:[MODAL SATUAN]],4,FALSE) -> 2500 | H9: =VLOOKUP(TBLROCASMEDIUM[NAMA BAHAN],[2]!TBLREKAPBAHAN[[NAMA BAHAN]:[MODAL SATUAN]],4,FALSE) -> 2500 | I9: 1 | J9: =H9*I9 -> 2500
B10: 9 | C10: SLADA | D10: =VLOOKUP(TBLROCASMEDIUM[NAMA BAHAN],[2]!TBLREKAPBAHAN[[NAMA BAHAN]:[MODAL SATUAN]],2,FALSE) -> 60000 | E10: =VLOOKUP(TBLROCASMEDIUM[NAMA BAHAN],[2]!TBLREKAPBAHAN[[NAMA BAHAN]:[MODAL SATUAN]],3,FALSE) -> 50 | F10: PORSI | G10: =VLOOKUP(TBLROCASMEDIUM[NAMA BAHAN],[2]!TBLREKAPBAHAN[[NAMA BAHAN]:[MODAL SATUAN]],4,FALSE) -> 1200 | H10: =VLOOKUP(TBLROCASMEDIUM[NAMA BAHAN],[2]!TBLREKAPBAHAN[[NAMA BAHAN]:[MODAL SATUAN]],4,FALSE) -> 1200 | I10: 0.5 | J10: =H10*I10 -> 600
B11: 10 | C11: MENTEGA | D11: =VLOOKUP(TBLROCASMEDIUM[NAMA BAHAN],[2]!TBLREKAPBAHAN[[NAMA BAHAN]:[MODAL SATUAN]],2,FALSE) -> 35000 | E11: =VLOOKUP(TBLROCASMEDIUM[NAMA BAHAN],[2]!TBLREKAPBAHAN[[NAMA BAHAN]:[MODAL SATUAN]],3,FALSE) -> 1000 | F11: GRAM | G11: =VLOOKUP(TBLROCASMEDIUM[NAMA BAHAN],[2]!TBLREKAPBAHAN[[NAMA BAHAN]:[MODAL SATUAN]],4,FALSE) -> 35 | H11: =VLOOKUP(TBLROCASMEDIUM[NAMA BAHAN],[2]!TBLREKAPBAHAN[[NAMA BAHAN]:[MODAL SATUAN]],4,FALSE) -> 35 | I11: 3 | J11: =H11*I11 -> 105
B12: 11 | C12: GAS ELPIJI | D12: =VLOOKUP(TBLROCASMEDIUM[NAMA BAHAN],[2]!TBLREKAPBAHAN[[NAMA BAHAN]:[MODAL SATUAN]],2,FALSE) -> 23000 | E12: =VLOOKUP(TBLROCASMEDIUM[NAMA BAHAN],[2]!TBLREKAPBAHAN[[NAMA BAHAN]:[MODAL SATUAN]],3,FALSE) -> 3000 | F12: GRAM | G12: =VLOOKUP(TBLROCASMEDIUM[NAMA BAHAN],[2]!TBLREKAPBAHAN[[NAMA BAHAN]:[MODAL SATUAN]],4,FALSE) -> 7.6666667 | H12: =VLOOKUP(TBLROCASMEDIUM[NAMA BAHAN],[2]!TBLREKAPBAHAN[[NAMA BAHAN]:[MODAL SATUAN]],4,FALSE) -> 7.6666667 | I12: 5 | J12: =H12*I12 -> 38.333333
B13: 12 | C13: MIKA ROCAS MEDIUM | D13: =VLOOKUP(TBLROCASMEDIUM[NAMA BAHAN],[2]!TBLREKAPBAHAN[[NAMA BAHAN]:[MODAL SATUAN]],2,FALSE) -> 40000 | E13: =VLOOKUP(TBLROCASMEDIUM[NAMA BAHAN],[2]!TBLREKAPBAHAN[[NAMA BAHAN]:[MODAL SATUAN]],3,FALSE) -> 100 | F13: LEMBAR | G13: =VLOOKUP(TBLROCASMEDIUM[NAMA BAHAN],[2]!TBLREKAPBAHAN[[NAMA BAHAN]:[MODAL SATUAN]],4,FALSE) -> 400 | H13: =VLOOKUP(TBLROCASMEDIUM[NAMA BAHAN],[2]!TBLREKAPBAHAN[[NAMA BAHAN]:[MODAL SATUAN]],4,FALSE) -> 400 | I13: 0 | J13: =H13*I13 -> 0
B14: 13 | C14: KRESEK 20 CM | D14: =VLOOKUP(TBLROCASMEDIUM[NAMA BAHAN],[2]!TBLREKAPBAHAN[[NAMA BAHAN]:[MODAL SATUAN]],2,FALSE) -> 8500 | E14: =VLOOKUP(TBLROCASMEDIUM[NAMA BAHAN],[2]!TBLREKAPBAHAN[[NAMA BAHAN]:[MODAL SATUAN]],3,FALSE) -> 50 | F14: BIJI | G14: =VLOOKUP(TBLROCASMEDIUM[NAMA BAHAN],[2]!TBLREKAPBAHAN[[NAMA BAHAN]:[MODAL SATUAN]],4,FALSE) -> 170 | H14: =VLOOKUP(TBLROCASMEDIUM[NAMA BAHAN],[2]!TBLREKAPBAHAN[[NAMA BAHAN]:[MODAL SATUAN]],4,FALSE) -> 170 | I14: 0 | J14: =H14*I14 -> 0
A15: MODAL | J15: =SUM(J2:J14) -> 6787.7193
A20: NAMA PRODUK | B20: KODE BAHAN | C20: NAMA BAHAN | D20: HARGA KULAK | E20: ISI | F20: SATUAN | G20: HARGA KULAK SATUAN | H20: MODAL SATUAN | I20: KEB | J20: JUMLAH MODAL
A21: ROCAS SAPI | B21: 1 | C21: SAOS TOMAT GRAM | D21: =VLOOKUP(TBLROCASMEDIUMSAPI[NAMA BAHAN],[2]!TBLREKAPBAHAN[[NAMA BAHAN]:[MODAL SATUAN]],2,FALSE) -> 20000 | E21: =VLOOKUP(TBLROCASMEDIUMSAPI[NAMA BAHAN],[2]!TBLREKAPBAHAN[[NAMA BAHAN]:[MODAL SATUAN]],3,FALSE) -> 1000 | F21: GRAM | G21: =VLOOKUP(TBLROCASMEDIUMSAPI[NAMA BAHAN],[2]!TBLREKAPBAHAN[[NAMA BAHAN]:[MODAL SATUAN]],4,FALSE) -> 20 | H21: =VLOOKUP(TBLROCASMEDIUMSAPI[NAMA BAHAN],[2]!TBLREKAPBAHAN[[NAMA BAHAN]:[MODAL SATUAN]],4,FALSE) -> 20 | I21: 10 | J21: =H21*I21 -> 200
B22: 2 | C22: SAOS SAMBAL GRAM | D22: =VLOOKUP(TBLROCASMEDIUMSAPI[NAMA BAHAN],[2]!TBLREKAPBAHAN[[NAMA BAHAN]:[MODAL SATUAN]],2,FALSE) -> 18000 | E22: =VLOOKUP(TBLROCASMEDIUMSAPI[NAMA BAHAN],[2]!TBLREKAPBAHAN[[NAMA BAHAN]:[MODAL SATUAN]],3,FALSE) -> 1000 | F22: GRAM | G22: =VLOOKUP(TBLROCASMEDIUMSAPI[NAMA BAHAN],[2]!TBLREKAPBAHAN[[NAMA BAHAN]:[MODAL SATUAN]],4,FALSE) -> 18 | H22: =VLOOKUP(TBLROCASMEDIUMSAPI[NAMA BAHAN],[2]!TBLREKAPBAHAN[[NAMA BAHAN]:[MODAL SATUAN]],4,FALSE) -> 18 | I22: 0 | J22: =H22*I22 -> 0
B23: 3 | C23: SAOS BBQ GRAM | D23: =VLOOKUP(TBLROCASMEDIUMSAPI[NAMA BAHAN],[2]!TBLREKAPBAHAN[[NAMA BAHAN]:[MODAL SATUAN]],2,FALSE) -> 12000 | E23: =VLOOKUP(TBLROCASMEDIUMSAPI[NAMA BAHAN],[2]!TBLREKAPBAHAN[[NAMA BAHAN]:[MODAL SATUAN]],3,FALSE) -> 250 | F23: GRAM | G23: =VLOOKUP(TBLROCASMEDIUMSAPI[NAMA BAHAN],[2]!TBLREKAPBAHAN[[NAMA BAHAN]:[MODAL SATUAN]],4,FALSE) -> 48 | H23: =VLOOKUP(TBLROCASMEDIUMSAPI[NAMA BAHAN],[2]!TBLREKAPBAHAN[[NAMA BAHAN]:[MODAL SATUAN]],4,FALSE) -> 48 | I23: 5 | J23: =H23*I23 -> 240
B24: 4 | C24: MAYONAIS GRAM | D24: =VLOOKUP(TBLROCASMEDIUMSAPI[NAMA BAHAN],[2]!TBLREKAPBAHAN[[NAMA BAHAN]:[MODAL SATUAN]],2,FALSE) -> 50000 | E24: =VLOOKUP(TBLROCASMEDIUMSAPI[NAMA BAHAN],[2]!TBLREKAPBAHAN[[NAMA BAHAN]:[MODAL SATUAN]],3,FALSE) -> 1000 | F24: GRAM | G24: =VLOOKUP(TBLROCASMEDIUMSAPI[NAMA BAHAN],[2]!TBLREKAPBAHAN[[NAMA BAHAN]:[MODAL SATUAN]],4,FALSE) -> 50 | H24: =VLOOKUP(TBLROCASMEDIUMSAPI[NAMA BAHAN],[2]!TBLREKAPBAHAN[[NAMA BAHAN]:[MODAL SATUAN]],4,FALSE) -> 50 | I24: 10 | J24: =H24*I24 -> 500
B25: 5 | C25: SAOS SAMBAL SACHET | D25: =VLOOKUP(TBLROCASMEDIUMSAPI[NAMA BAHAN],[2]!TBLREKAPBAHAN[[NAMA BAHAN]:[MODAL SATUAN]],2,FALSE) -> 8000 | E25: =VLOOKUP(TBLROCASMEDIUMSAPI[NAMA BAHAN],[2]!TBLREKAPBAHAN[[NAMA BAHAN]:[MODAL SATUAN]],3,FALSE) -> 24 | F25: SACHET | G25: =VLOOKUP(TBLROCASMEDIUMSAPI[NAMA BAHAN],[2]!TBLREKAPBAHAN[[NAMA BAHAN]:[MODAL SATUAN]],4,FALSE) -> 333.33333 | H25: =VLOOKUP(TBLROCASMEDIUMSAPI[NAMA BAHAN],[2]!TBLREKAPBAHAN[[NAMA BAHAN]:[MODAL SATUAN]],4,FALSE) -> 333.33333 | I25: 1 | J25: =H25*I25 -> 333.33333
B26: 6 | C26: AYAM SUWIR | D26: =VLOOKUP(TBLROCASMEDIUMSAPI[NAMA BAHAN],[2]!TBLREKAPBAHAN[[NAMA BAHAN]:[MODAL SATUAN]],2,FALSE) -> 45000 | E26: =VLOOKUP(TBLROCASMEDIUMSAPI[NAMA BAHAN],[2]!TBLREKAPBAHAN[[NAMA BAHAN]:[MODAL SATUAN]],3,FALSE) -> 400 | F26: BATANG | G26: =VLOOKUP(TBLROCASMEDIUMSAPI[NAMA BAHAN],[2]!TBLREKAPBAHAN[[NAMA BAHAN]:[MODAL SATUAN]],4,FALSE) -> 112.5 | H26: =VLOOKUP(TBLROCASMEDIUMSAPI[NAMA BAHAN],[2]!TBLREKAPBAHAN[[NAMA BAHAN]:[MODAL SATUAN]],4,FALSE) -> 112.5 | I26: 8 | J26: =H26*I26 -> 900
B27: 7 | C27: DAGING SAPI | D27: =VLOOKUP(TBLROCASMEDIUMSAPI[NAMA BAHAN],[2]!TBLREKAPBAHAN[[NAMA BAHAN]:[MODAL SATUAN]],2,FALSE) -> 85000 | E27: =VLOOKUP(TBLROCASMEDIUMSAPI[NAMA BAHAN],[2]!TBLREKAPBAHAN[[NAMA BAHAN]:[MODAL SATUAN]],3,FALSE) -> 1000 | F27: GRAM | G27: =VLOOKUP(TBLROCASMEDIUMSAPI[NAMA BAHAN],[2]!TBLREKAPBAHAN[[NAMA BAHAN]:[MODAL SATUAN]],4,FALSE) -> 85 | H27: =VLOOKUP(TBLROCASMEDIUMSAPI[NAMA BAHAN],[2]!TBLREKAPBAHAN[[NAMA BAHAN]:[MODAL SATUAN]],4,FALSE) -> 85 | I27: 20 | J27: =H27*I27 -> 1700
B28: 8 | C28: ROTI ROCAS MEDIUM | D28: =VLOOKUP(TBLROCASMEDIUMSAPI[NAMA BAHAN],[2]!TBLREKAPBAHAN[[NAMA BAHAN]:[MODAL SATUAN]],2,FALSE) -> 15000 | E28: =VLOOKUP(TBLROCASMEDIUMSAPI[NAMA BAHAN],[2]!TBLREKAPBAHAN[[NAMA BAHAN]:[MODAL SATUAN]],3,FALSE) -> 6 | F28: BIJI | G28: =VLOOKUP(TBLROCASMEDIUMSAPI[NAMA BAHAN],[2]!TBLREKAPBAHAN[[NAMA BAHAN]:[MODAL SATUAN]],4,FALSE) -> 2500 | H28: =VLOOKUP(TBLROCASMEDIUMSAPI[NAMA BAHAN],[2]!TBLREKAPBAHAN[[NAMA BAHAN]:[MODAL SATUAN]],4,FALSE) -> 2500 | I28: 1 | J28: =H28*I28 -> 2500
B29: 9 | C29: SLADA | D29: =VLOOKUP(TBLROCASMEDIUMSAPI[NAMA BAHAN],[2]!TBLREKAPBAHAN[[NAMA BAHAN]:[MODAL SATUAN]],2,FALSE) -> 60000 | E29: =VLOOKUP(TBLROCASMEDIUMSAPI[NAMA BAHAN],[2]!TBLREKAPBAHAN[[NAMA BAHAN]:[MODAL SATUAN]],3,FALSE) -> 50 | F29: PORSI | G29: =VLOOKUP(TBLROCASMEDIUMSAPI[NAMA BAHAN],[2]!TBLREKAPBAHAN[[NAMA BAHAN]:[MODAL SATUAN]],4,FALSE) -> 1200 | H29: =VLOOKUP(TBLROCASMEDIUMSAPI[NAMA BAHAN],[2]!TBLREKAPBAHAN[[NAMA BAHAN]:[MODAL SATUAN]],4,FALSE) -> 1200 | I29: 0.5 | J29: =H29*I29 -> 600
B30: 10 | C30: MENTEGA | D30: =VLOOKUP(TBLROCASMEDIUMSAPI[NAMA BAHAN],[2]!TBLREKAPBAHAN[[NAMA BAHAN]:[MODAL SATUAN]],2,FALSE) -> 35000 | E30: =VLOOKUP(TBLROCASMEDIUMSAPI[NAMA BAHAN],[2]!TBLREKAPBAHAN[[NAMA BAHAN]:[MODAL SATUAN]],3,FALSE) -> 1000 | F30: GRAM | G30: =VLOOKUP(TBLROCASMEDIUMSAPI[NAMA BAHAN],[2]!TBLREKAPBAHAN[[NAMA BAHAN]:[MODAL SATUAN]],4,FALSE) -> 35 | H30: =VLOOKUP(TBLROCASMEDIUMSAPI[NAMA BAHAN],[2]!TBLREKAPBAHAN[[NAMA BAHAN]:[MODAL SATUAN]],4,FALSE) -> 35 | I30: 3 | J30: =H30*I30 -> 105
B31: 11 | C31: GAS ELPIJI | D31: =VLOOKUP(TBLROCASMEDIUMSAPI[NAMA BAHAN],[2]!TBLREKAPBAHAN[[NAMA BAHAN]:[MODAL SATUAN]],2,FALSE) -> 23000 | E31: =VLOOKUP(TBLROCASMEDIUMSAPI[NAMA BAHAN],[2]!TBLREKAPBAHAN[[NAMA BAHAN]:[MODAL SATUAN]],3,FALSE) -> 3000 | F31: GRAM | G31: =VLOOKUP(TBLROCASMEDIUMSAPI[NAMA BAHAN],[2]!TBLREKAPBAHAN[[NAMA BAHAN]:[MODAL SATUAN]],4,FALSE) -> 7.6666667 | H31: =VLOOKUP(TBLROCASMEDIUMSAPI[NAMA BAHAN],[2]!TBLREKAPBAHAN[[NAMA BAHAN]:[MODAL SATUAN]],4,FALSE) -> 7.6666667 | I31: 5 | J31: =H31*I31 -> 38.333333
B32: 12 | C32: MIKA ROCAS MEDIUM | D32: =VLOOKUP(TBLROCASMEDIUMSAPI[NAMA BAHAN],[2]!TBLREKAPBAHAN[[NAMA BAHAN]:[MODAL SATUAN]],2,FALSE) -> 40000 | E32: =VLOOKUP(TBLROCASMEDIUMSAPI[NAMA BAHAN],[2]!TBLREKAPBAHAN[[NAMA BAHAN]:[MODAL SATUAN]],3,FALSE) -> 100 | F32: LEMBAR | G32: =VLOOKUP(TBLROCASMEDIUMSAPI[NAMA BAHAN],[2]!TBLREKAPBAHAN[[NAMA BAHAN]:[MODAL SATUAN]],4,FALSE) -> 400 | H32: =VLOOKUP(TBLROCASMEDIUMSAPI[NAMA BAHAN],[2]!TBLREKAPBAHAN[[NAMA BAHAN]:[MODAL SATUAN]],4,FALSE) -> 400 | I32: 0 | J32: =H32*I32 -> 0
B33: 13 | C33: KRESEK 20 CM | D33: =VLOOKUP(TBLROCASMEDIUMSAPI[NAMA BAHAN],[2]!TBLREKAPBAHAN[[NAMA BAHAN]:[MODAL SATUAN]],2,FALSE) -> 8500 | E33: =VLOOKUP(TBLROCASMEDIUMSAPI[NAMA BAHAN],[2]!TBLREKAPBAHAN[[NAMA BAHAN]:[MODAL SATUAN]],3,FALSE) -> 50 | F33: BIJI | G33: =VLOOKUP(TBLROCASMEDIUMSAPI[NAMA BAHAN],[2]!TBLREKAPBAHAN[[NAMA BAHAN]:[MODAL SATUAN]],4,FALSE) -> 170 | H33: =VLOOKUP(TBLROCASMEDIUMSAPI[NAMA BAHAN],[2]!TBLREKAPBAHAN[[NAMA BAHAN]:[MODAL SATUAN]],4,FALSE) -> 170 | I33: 0 | J33: =H33*I33 -> 0
A34: MODAL | J34: =SUM(J21:J33) -> 7116.6667

Sheet ROTI MARYAM
A1: NAMA PRODUK | B1: KODE BAHAN | C1: NAMA BAHAN | D1: HARGA KULAK | E1: ISI | F1: SATUAN | G1: HARGA KULAK SATUAN | H1: MODAL SATUAN | I1: KEB. | J1: JUMLAH MODAL | K1: KEB. | L1: ROTI MARYAM MINI COKLAT GOBIZ | M1: KEB. | N1: ROTI MARYAM MINI PAKET KENYANG COKLAT GOBIZ | P1: NAMA PRODUK | Q1: KODE BAHAN | R1: NAMA BAHAN | S1: HARGA KULAK | T1: ISI | U1: SATUAN | V1: HARGA KULAK SATUAN | W1: MODAL SATUAN | X1: KEB.6 | Y1: JUMLAH MODAL
A2: ROTI MARYAM ORI SINGLE | B2: 1 | C2: ROTI MARYAM | D2: =VLOOKUP(TBLROYAMORISINGLE[NAMA BAHAN],[2]!TBLREKAPBAHAN[[NAMA BAHAN]:[MODAL SATUAN]],2,FALSE) -> 20000 | E2: =VLOOKUP(TBLROYAMORISINGLE[NAMA BAHAN],[2]!TBLREKAPBAHAN[[NAMA BAHAN]:[MODAL SATUAN]],3,FALSE) -> 10 | F2: LEMBAR | G2: =VLOOKUP(TBLROYAMORISINGLE[NAMA BAHAN],[2]!TBLREKAPBAHAN[[NAMA BAHAN]:[MODAL SATUAN]],4,FALSE) -> 2000 | H2: =VLOOKUP(TBLROYAMORISINGLE[NAMA BAHAN],[2]!TBLREKAPBAHAN[[NAMA BAHAN]:[MODAL SATUAN]],4,FALSE) -> 2000 | I2: 1 | J2: =H2*I2 -> 2000 | K2: 1 | L2: =H2*K2 -> 2000 | M2: 3 | N2: =H2*M2 -> 6000 | P2: ROTI MARYAM COKLAT SINGLE | Q2: 1 | R2: ROTI MARYAM | S2: =VLOOKUP(TBLROYAMCOKLATSINGLE[NAMA BAHAN],[2]!TBLREKAPBAHAN[[NAMA BAHAN]:[MODAL SATUAN]],2,FALSE) -> 20000 | T2: =VLOOKUP(TBLROYAMCOKLATSINGLE[NAMA BAHAN],[2]!TBLREKAPBAHAN[[NAMA BAHAN]:[MODAL SATUAN]],3,FALSE) -> 10 | U2: LEMBAR | V2: =VLOOKUP(TBLROYAMCOKLATSINGLE[NAMA BAHAN],[2]!TBLREKAPBAHAN[[NAMA BAHAN]:[MODAL SATUAN]],4,FALSE) -> 2000 | W2: =VLOOKUP(TBLROYAMCOKLATSINGLE[NAMA BAHAN],[2]!TBLREKAPBAHAN[[NAMA BAHAN]:[MODAL SATUAN]],4,FALSE) -> 2000 | X2: 1 | Y2: =W2*X2 -> 2000
B3: 2 | C3: GULA NYES | D3: =VLOOKUP(TBLROYAMORISINGLE[NAMA BAHAN],[2]!TBLREKAPBAHAN[[NAMA BAHAN]:[MODAL SATUAN]],2,FALSE) -> 5000 | E3: =VLOOKUP(TBLROYAMORISINGLE[NAMA BAHAN],[2]!TBLREKAPBAHAN[[NAMA BAHAN]:[MODAL SATUAN]],3,FALSE) -> 250 | F3: GRAM | G3: =VLOOKUP(TBLROYAMORISINGLE[NAMA BAHAN],[2]!TBLREKAPBAHAN[[NAMA BAHAN]:[MODAL SATUAN]],4,FALSE) -> 20 | H3: =VLOOKUP(TBLROYAMORISINGLE[NAMA BAHAN],[2]!TBLREKAPBAHAN[[NAMA BAHAN]:[MODAL SATUAN]],4,FALSE) -> 20 | I3: 5 | J3: =H3*I3 -> 100 | K3: 5 | L3: =H3*K3 -> 100 | M3: 10 | N3: =H3*M3 -> 200 | Q3: 2 | R3: GULA NYES | S3: =VLOOKUP(TBLROYAMCOKLATSINGLE[NAMA BAHAN],[2]!TBLREKAPBAHAN[[NAMA BAHAN]:[MODAL SATUAN]],2,FALSE) -> 5000 | T3: =VLOOKUP(TBLROYAMCOKLATSINGLE[NAMA BAHAN],[2]!TBLREKAPBAHAN[[NAMA BAHAN]:[MODAL SATUAN]],3,FALSE) -> 250 | U3: GRAM | V3: =VLOOKUP(TBLROYAMCOKLATSINGLE[NAMA BAHAN],[2]!TBLREKAPBAHAN[[NAMA BAHAN]:[MODAL SATUAN]],4,FALSE) -> 20 | W3: =VLOOKUP(TBLROYAMCOKLATSINGLE[NAMA BAHAN],[2]!TBLREKAPBAHAN[[NAMA BAHAN]:[MODAL SATUAN]],4,FALSE) -> 20 | X3: 0 | Y3: =V3*X3 -> 0
B4: 3 | C4: MISIS COKLAT | D4: =VLOOKUP(TBLROYAMORISINGLE[NAMA BAHAN],[2]!TBLREKAPBAHAN[[NAMA BAHAN]:[MODAL SATUAN]],2,FALSE) -> 15000 | E4: =VLOOKUP(TBLROYAMORISINGLE[NAMA BAHAN],[2]!TBLREKAPBAHAN[[NAMA BAHAN]:[MODAL SATUAN]],3,FALSE) -> 250 | F4: GRAM | G4: =VLOOKUP(TBLROYAMORISINGLE[NAMA BAHAN],[2]!TBLREKAPBAHAN[[NAMA BAHAN]:[MODAL SATUAN]],4,FALSE) -> 60 | H4: =VLOOKUP(TBLROYAMORISINGLE[NAMA BAHAN],[2]!TBLREKAPBAHAN[[NAMA BAHAN]:[MODAL SATUAN]],4,FALSE) -> 60 | I4: 0 | J4: =H4*I4 -> 0 | K4: 20 | L4: =H4*K4 -> 1200 | M4: 20 | N4: =H4*M4 -> 1200 | Q4: 3 | R4: MISIS COKLAT | S4: =VLOOKUP(TBLROYAMCOKLATSINGLE[NAMA BAHAN],[2]!TBLREKAPBAHAN[[NAMA BAHAN]:[MODAL SATUAN]],2,FALSE) -> 15000 | T4: =VLOOKUP(TBLROYAMCOKLATSINGLE[NAMA BAHAN],[2]!TBLREKAPBAHAN[[NAMA BAHAN]:[MODAL SATUAN]],3,FALSE) -> 250 | U4: GRAM | V4: =VLOOKUP(TBLROYAMCOKLATSINGLE[NAMA BAHAN],[2]!TBLREKAPBAHAN[[NAMA BAHAN]:[MODAL SATUAN]],4,FALSE) -> 60 | W4: =VLOOKUP(TBLROYAMCOKLATSINGLE[NAMA BAHAN],[2]!TBLREKAPBAHAN[[NAMA BAHAN]:[MODAL SATUAN]],4,FALSE) -> 60 | X4: 5 | Y4: =V4*X4 -> 300
B5: 4 | C5: MENTEGA | D5: =VLOOKUP(TBLROYAMORISINGLE[NAMA BAHAN],[2]!TBLREKAPBAHAN[[NAMA BAHAN]:[MODAL SATUAN]],2,FALSE) -> 35000 | E5: =VLOOKUP(TBLROYAMORISINGLE[NAMA BAHAN],[2]!TBLREKAPBAHAN[[NAMA BAHAN]:[MODAL SATUAN]],3,FALSE) -> 1000 | F5: GRAM | G5: =VLOOKUP(TBLROYAMORISINGLE[NAMA BAHAN],[2]!TBLREKAPBAHAN[[NAMA BAHAN]:[MODAL SATUAN]],4,FALSE) -> 35 | H5: =VLOOKUP(TBLROYAMORISINGLE[NAMA BAHAN],[2]!TBLREKAPBAHAN[[NAMA BAHAN]:[MODAL SATUAN]],4,FALSE) -> 35 | I5: 7 | J5: =H5*I5 -> 245 | K5: 7 | L5: =H5*K5 -> 245 | M5: 7 | N5: =H5*M5 -> 245 | Q5: 4 | R5: MENTEGA | S5: =VLOOKUP(TBLROYAMCOKLATSINGLE[NAMA BAHAN],[2]!TBLREKAPBAHAN[[NAMA BAHAN]:[MODAL SATUAN]],2,FALSE) -> 35000 | T5: =VLOOKUP(TBLROYAMCOKLATSINGLE[NAMA BAHAN],[2]!TBLREKAPBAHAN[[NAMA BAHAN]:[MODAL SATUAN]],3,FALSE) -> 1000 | U5: GRAM | V5: =VLOOKUP(TBLROYAMCOKLATSINGLE[NAMA BAHAN],[2]!TBLREKAPBAHAN[[NAMA BAHAN]:[MODAL SATUAN]],4,FALSE) -> 35 | W5: =VLOOKUP(TBLROYAMCOKLATSINGLE[NAMA BAHAN],[2]!TBLREKAPBAHAN[[NAMA BAHAN]:[MODAL SATUAN]],4,FALSE) -> 35 | X5: 7 | Y5: =V5*X5 -> 245
B6: 5 | C6: GAS ELPIJI | D6: =VLOOKUP(TBLROYAMORISINGLE[NAMA BAHAN],[2]!TBLREKAPBAHAN[[NAMA BAHAN]:[MODAL SATUAN]],2,FALSE) -> 23000 | E6: =VLOOKUP(TBLROYAMORISINGLE[NAMA BAHAN],[2]!TBLREKAPBAHAN[[NAMA BAHAN]:[MODAL SATUAN]],3,FALSE) -> 3000 | F6: GRAM | G6: =VLOOKUP(TBLROYAMORISINGLE[NAMA BAHAN],[2]!TBLREKAPBAHAN[[NAMA BAHAN]:[MODAL SATUAN]],4,FALSE) -> 7.6666667 | H6: =VLOOKUP(TBLROYAMORISINGLE[NAMA BAHAN],[2]!TBLREKAPBAHAN[[NAMA BAHAN]:[MODAL SATUAN]],4,FALSE) -> 7.6666667 | I6: 30 | J6: =H6*I6 -> 230 | K6: 40 | L6: =H6*K6 -> 306.66667 | M6: 40 | N6: =H6*M6 -> 306.66667 | Q6: 5 | R6: GAS ELPIJI | S6: =VLOOKUP(TBLROYAMCOKLATSINGLE[NAMA BAHAN],[2]!TBLREKAPBAHAN[[NAMA BAHAN]:[MODAL SATUAN]],2,FALSE) -> 23000 | T6: =VLOOKUP(TBLROYAMCOKLATSINGLE[NAMA BAHAN],[2]!TBLREKAPBAHAN[[NAMA BAHAN]:[MODAL SATUAN]],3,FALSE) -> 3000 | U6: GRAM | V6: =VLOOKUP(TBLROYAMCOKLATSINGLE[NAMA BAHAN],[2]!TBLREKAPBAHAN[[NAMA BAHAN]:[MODAL SATUAN]],4,FALSE) -> 7.6666667 | W6: =VLOOKUP(TBLROYAMCOKLATSINGLE[NAMA BAHAN],[2]!TBLREKAPBAHAN[[NAMA BAHAN]:[MODAL SATUAN]],4,FALSE) -> 7.6666667 | X6: 30 | Y6: =V6*X6 -> 230
B7: 6 | C7: KOTAK BURGER | D7: =VLOOKUP(TBLROYAMORISINGLE[NAMA BAHAN],[2]!TBLREKAPBAHAN[[NAMA BAHAN]:[MODAL SATUAN]],2,FALSE) -> 41000 | E7: =VLOOKUP(TBLROYAMORISINGLE[NAMA BAHAN],[2]!TBLREKAPBAHAN[[NAMA BAHAN]:[MODAL SATUAN]],3,FALSE) -> 50 | F7: BIJI | G7: =VLOOKUP(TBLROYAMORISINGLE[NAMA BAHAN],[2]!TBLREKAPBAHAN[[NAMA BAHAN]:[MODAL SATUAN]],4,FALSE) -> 820 | H7: =VLOOKUP(TBLROYAMORISINGLE[NAMA BAHAN],[2]!TBLREKAPBAHAN[[NAMA BAHAN]:[MODAL SATUAN]],4,FALSE) -> 820 | I7: 0 | J7: =H7*I7 -> 0 | K7: 0 | L7: =H7*K7 -> 0 | M7: 1 | N7: =H7*M7 -> 820 | Q7: 6 | R7: KOTAK BURGER | S7: =VLOOKUP(TBLROYAMCOKLATSINGLE[NAMA BAHAN],[2]!TBLREKAPBAHAN[[NAMA BAHAN]:[MODAL SATUAN]],2,FALSE) -> 41000 | T7: =VLOOKUP(TBLROYAMCOKLATSINGLE[NAMA BAHAN],[2]!TBLREKAPBAHAN[[NAMA BAHAN]:[MODAL SATUAN]],3,FALSE) -> 50 | U7: BIJI | V7: =VLOOKUP(TBLROYAMCOKLATSINGLE[NAMA BAHAN],[2]!TBLREKAPBAHAN[[NAMA BAHAN]:[MODAL SATUAN]],4,FALSE) -> 820 | W7: =VLOOKUP(TBLROYAMCOKLATSINGLE[NAMA BAHAN],[2]!TBLREKAPBAHAN[[NAMA BAHAN]:[MODAL SATUAN]],4,FALSE) -> 820 | X7: 0 | Y7: =V7*X7 -> 0
B8: 7 | C8: PLASTIK KLIP KECIL 10 CM | D8: =VLOOKUP(TBLROYAMORISINGLE[NAMA BAHAN],[2]!TBLREKAPBAHAN[[NAMA BAHAN]:[MODAL SATUAN]],2,FALSE) -> 5000 | E8: =VLOOKUP(TBLROYAMORISINGLE[NAMA BAHAN],[2]!TBLREKAPBAHAN[[NAMA BAHAN]:[MODAL SATUAN]],3,FALSE) -> 100 | F8: BIJI | G8: =VLOOKUP(TBLROYAMORISINGLE[NAMA BAHAN],[2]!TBLREKAPBAHAN[[NAMA BAHAN]:[MODAL SATUAN]],4,FALSE) -> 50 | H8: =VLOOKUP(TBLROYAMORISINGLE[NAMA BAHAN],[2]!TBLREKAPBAHAN[[NAMA BAHAN]:[MODAL SATUAN]],4,FALSE) -> 50 | I8: 1 | J8: =H8*I8 -> 50 | K8: 1 | L8: =H8*K8 -> 50 | M8: 0 | N8: =H8*M8 -> 0 | Q8: 7 | R8: PLASTIK KLIP KECIL 10 CM | S8: =VLOOKUP(TBLROYAMCOKLATSINGLE[NAMA BAHAN],[2]!TBLREKAPBAHAN[[NAMA BAHAN]:[MODAL SATUAN]],2,FALSE) -> 5000 | T8: =VLOOKUP(TBLROYAMCOKLATSINGLE[NAMA BAHAN],[2]!TBLREKAPBAHAN[[NAMA BAHAN]:[MODAL SATUAN]],3,FALSE) -> 100 | U8: BIJI | V8: =VLOOKUP(TBLROYAMCOKLATSINGLE[NAMA BAHAN],[2]!TBLREKAPBAHAN[[NAMA BAHAN]:[MODAL SATUAN]],4,FALSE) -> 50 | W8: =VLOOKUP(TBLROYAMCOKLATSINGLE[NAMA BAHAN],[2]!TBLREKAPBAHAN[[NAMA BAHAN]:[MODAL SATUAN]],4,FALSE) -> 50 | X8: 1 | Y8: =V8*X8 -> 50
B9: 8 | C9: PLASTIK KLIP SEDANG 13 CM | D9: =VLOOKUP(TBLROYAMORISINGLE[NAMA BAHAN],[2]!TBLREKAPBAHAN[[NAMA BAHAN]:[MODAL SATUAN]],2,FALSE) -> 6000 | E9: =VLOOKUP(TBLROYAMORISINGLE[NAMA BAHAN],[2]!TBLREKAPBAHAN[[NAMA BAHAN]:[MODAL SATUAN]],3,FALSE) -> 100 | F9: BIJI | G9: =VLOOKUP(TBLROYAMORISINGLE[NAMA BAHAN],[2]!TBLREKAPBAHAN[[NAMA BAHAN]:[MODAL SATUAN]],4,FALSE) -> 60 | H9: =VLOOKUP(TBLROYAMORISINGLE[NAMA BAHAN],[2]!TBLREKAPBAHAN[[NAMA BAHAN]:[MODAL SATUAN]],4,FALSE) -> 60 | I9: 0 | J9: =H9*I9 -> 0 | Q9: 8 | R9: PLASTIK KLIP SEDANG 13 CM | S9: =VLOOKUP(TBLROYAMCOKLATSINGLE[NAMA BAHAN],[2]!TBLREKAPBAHAN[[NAMA BAHAN]:[MODAL SATUAN]],2,FALSE) -> 6000 | T9: =VLOOKUP(TBLROYAMCOKLATSINGLE[NAMA BAHAN],[2]!TBLREKAPBAHAN[[NAMA BAHAN]:[MODAL SATUAN]],3,FALSE) -> 100 | U9: BIJI | V9: =VLOOKUP(TBLROYAMCOKLATSINGLE[NAMA BAHAN],[2]!TBLREKAPBAHAN[[NAMA BAHAN]:[MODAL SATUAN]],4,FALSE) -> 60 | W9: =VLOOKUP(TBLROYAMCOKLATSINGLE[NAMA BAHAN],[2]!TBLREKAPBAHAN[[NAMA BAHAN]:[MODAL SATUAN]],4,FALSE) -> 60 | X9: 0 | Y9: =V9*X9 -> 0
B10: 9 | C10: PLASTIK KLIP BESAR 15 CM | D10: =VLOOKUP(TBLROYAMORISINGLE[NAMA BAHAN],[2]!TBLREKAPBAHAN[[NAMA BAHAN]:[MODAL SATUAN]],2,FALSE) -> 8000 | E10: =VLOOKUP(TBLROYAMORISINGLE[NAMA BAHAN],[2]!TBLREKAPBAHAN[[NAMA BAHAN]:[MODAL SATUAN]],3,FALSE) -> 100 | F10: BIJI | G10: =VLOOKUP(TBLROYAMORISINGLE[NAMA BAHAN],[2]!TBLREKAPBAHAN[[NAMA BAHAN]:[MODAL SATUAN]],4,FALSE) -> 80 | H10: =VLOOKUP(TBLROYAMORISINGLE[NAMA BAHAN],[2]!TBLREKAPBAHAN[[NAMA BAHAN]:[MODAL SATUAN]],4,FALSE) -> 80 | I10: 0 | J10: =H10*I10 -> 0 | K10: 1 | L10: =H10*K10 -> 80 | M10: 1 | N10: =H10*M10 -> 80 | Q10: 9 | R10: PLASTIK KLIP BESAR 15 CM | S10: =VLOOKUP(TBLROYAMCOKLATSINGLE[NAMA BAHAN],[2]!TBLREKAPBAHAN[[NAMA BAHAN]:[MODAL SATUAN]],2,FALSE) -> 8000 | T10: =VLOOKUP(TBLROYAMCOKLATSINGLE[NAMA BAHAN],[2]!TBLREKAPBAHAN[[NAMA BAHAN]:[MODAL SATUAN]],3,FALSE) -> 100 | U10: BIJI | V10: =VLOOKUP(TBLROYAMCOKLATSINGLE[NAMA BAHAN],[2]!TBLREKAPBAHAN[[NAMA BAHAN]:[MODAL SATUAN]],4,FALSE) -> 80 | W10: =VLOOKUP(TBLROYAMCOKLATSINGLE[NAMA BAHAN],[2]!TBLREKAPBAHAN[[NAMA BAHAN]:[MODAL SATUAN]],4,FALSE) -> 80 | X10: 0 | Y10: =V10*X10 -> 0
B11: 10 | C11: PLASTIK KLIP 20 CM | D11: =VLOOKUP(TBLROYAMORISINGLE[NAMA BAHAN],[2]!TBLREKAPBAHAN[[NAMA BAHAN]:[MODAL SATUAN]],2,FALSE) -> 12000 | E11: =VLOOKUP(TBLROYAMORISINGLE[NAMA BAHAN],[2]!TBLREKAPBAHAN[[NAMA BAHAN]:[MODAL SATUAN]],3,FALSE) -> 100 | F11: BIJI | G11: =VLOOKUP(TBLROYAMORISINGLE[NAMA BAHAN],[2]!TBLREKAPBAHAN[[NAMA BAHAN]:[MODAL SATUAN]],4,FALSE) -> 120 | H11: =VLOOKUP(TBLROYAMORISINGLE[NAMA BAHAN],[2]!TBLREKAPBAHAN[[NAMA BAHAN]:[MODAL SATUAN]],4,FALSE) -> 120 | I11: 0 | J11: =H11*I11 -> 0 | Q11: 10 | R11: PLASTIK KLIP 20 CM | S11: =VLOOKUP(TBLROYAMCOKLATSINGLE[NAMA BAHAN],[2]!TBLREKAPBAHAN[[NAMA BAHAN]:[MODAL SATUAN]],2,FALSE) -> 12000 | T11: =VLOOKUP(TBLROYAMCOKLATSINGLE[NAMA BAHAN],[2]!TBLREKAPBAHAN[[NAMA BAHAN]:[MODAL SATUAN]],3,FALSE) -> 100 | U11: BIJI | V11: =VLOOKUP(TBLROYAMCOKLATSINGLE[NAMA BAHAN],[2]!TBLREKAPBAHAN[[NAMA BAHAN]:[MODAL SATUAN]],4,FALSE) -> 120 | W11: =VLOOKUP(TBLROYAMCOKLATSINGLE[NAMA BAHAN],[2]!TBLREKAPBAHAN[[NAMA BAHAN]:[MODAL SATUAN]],4,FALSE) -> 120 | X11: 0 | Y11: =V11*X11 -> 0
B12: 11 | C12: KRESEK 10 CM | D12: =VLOOKUP(TBLROYAMORISINGLE[NAMA BAHAN],[2]!TBLREKAPBAHAN[[NAMA BAHAN]:[MODAL SATUAN]],2,FALSE) -> 5500 | E12: =VLOOKUP(TBLROYAMORISINGLE[NAMA BAHAN],[2]!TBLREKAPBAHAN[[NAMA BAHAN]:[MODAL SATUAN]],3,FALSE) -> 100 | F12: BIJI | G12: =VLOOKUP(TBLROYAMORISINGLE[NAMA BAHAN],[2]!TBLREKAPBAHAN[[NAMA BAHAN]:[MODAL SATUAN]],4,FALSE) -> 55 | H12: =VLOOKUP(TBLROYAMORISINGLE[NAMA BAHAN],[2]!TBLREKAPBAHAN[[NAMA BAHAN]:[MODAL SATUAN]],4,FALSE) -> 55 | I12: 1 | J12: =H12*I12 -> 55 | Q12: 11 | R12: KRESEK 10 CM | S12: =VLOOKUP(TBLROYAMCOKLATSINGLE[NAMA BAHAN],[2]!TBLREKAPBAHAN[[NAMA BAHAN]:[MODAL SATUAN]],2,FALSE) -> 5500 | T12: =VLOOKUP(TBLROYAMCOKLATSINGLE[NAMA BAHAN],[2]!TBLREKAPBAHAN[[NAMA BAHAN]:[MODAL SATUAN]],3,FALSE) -> 100 | U12: BIJI | V12: =VLOOKUP(TBLROYAMCOKLATSINGLE[NAMA BAHAN],[2]!TBLREKAPBAHAN[[NAMA BAHAN]:[MODAL SATUAN]],4,FALSE) -> 55 | W12: =VLOOKUP(TBLROYAMCOKLATSINGLE[NAMA BAHAN],[2]!TBLREKAPBAHAN[[NAMA BAHAN]:[MODAL SATUAN]],4,FALSE) -> 55 | X12: 1 | Y12: =V12*X12 -> 55
B13: 12 | C13: KRESEK 15 CM | D13: =VLOOKUP(TBLROYAMORISINGLE[NAMA BAHAN],[2]!TBLREKAPBAHAN[[NAMA BAHAN]:[MODAL SATUAN]],2,FALSE) -> 7000 | E13: =VLOOKUP(TBLROYAMORISINGLE[NAMA BAHAN],[2]!TBLREKAPBAHAN[[NAMA BAHAN]:[MODAL SATUAN]],3,FALSE) -> 50 | F13: BIJI | G13: =VLOOKUP(TBLROYAMORISINGLE[NAMA BAHAN],[2]!TBLREKAPBAHAN[[NAMA BAHAN]:[MODAL SATUAN]],4,FALSE) -> 140 | H13: =VLOOKUP(TBLROYAMORISINGLE[NAMA BAHAN],[2]!TBLREKAPBAHAN[[NAMA BAHAN]:[MODAL SATUAN]],4,FALSE) -> 140 | I13: 0 | J13: =H13*I13 -> 0 | Q13: 12 | R13: KRESEK 15 CM | S13: =VLOOKUP(TBLROYAMCOKLATSINGLE[NAMA BAHAN],[2]!TBLREKAPBAHAN[[NAMA BAHAN]:[MODAL SATUAN]],2,FALSE) -> 7000 | T13: =VLOOKUP(TBLROYAMCOKLATSINGLE[NAMA BAHAN],[2]!TBLREKAPBAHAN[[NAMA BAHAN]:[MODAL SATUAN]],3,FALSE) -> 50 | U13: BIJI | V13: =VLOOKUP(TBLROYAMCOKLATSINGLE[NAMA BAHAN],[2]!TBLREKAPBAHAN[[NAMA BAHAN]:[MODAL SATUAN]],4,FALSE) -> 140 | W13: =VLOOKUP(TBLROYAMCOKLATSINGLE[NAMA BAHAN],[2]!TBLREKAPBAHAN[[NAMA BAHAN]:[MODAL SATUAN]],4,FALSE) -> 140 | X13: 0 | Y13: =V13*X13 -> 0
A14: MODAL | J14: =SUM(J2:J13) -> 2680 | L14: =SUM(L2:L13) -> 3981.6667 | N14: =SUM(N2:N13) -> 8851.6667 | P14: MODAL | Y14: =SUM(Y2:Y13) -> 2880
A18: NAMA PRODUK | B18: KODE BAHAN | C18: NAMA BAHAN | D18: HARGA KULAK | E18: ISI | F18: SATUAN | G18: HARGA KULAK SATUAN | H18: MODAL SATUAN | I18: KEB.2 | J18: JUMLAH MODAL | P18: NAMA PRODUK | Q18: KODE BAHAN | R18: NAMA BAHAN | S18: HARGA KULAK | T18: ISI | U18: SATUAN | V18: HARGA KULAK SATUAN | W18: MODAL SATUAN | X18: KEB.7 | Y18: JUMLAH MODAL
A19: ROTI MARYAM ORI PAKET KENYANG | B19: 1 | C19: ROTI MARYAM | D19: =VLOOKUP(TBLROYAMORIKENYANG[NAMA BAHAN],[2]!TBLREKAPBAHAN[[NAMA BAHAN]:[MODAL SATUAN]],2,FALSE) -> 20000 | E19: =VLOOKUP(TBLROYAMORIKENYANG[NAMA BAHAN],[2]!TBLREKAPBAHAN[[NAMA BAHAN]:[MODAL SATUAN]],3,FALSE) -> 10 | F19: LEMBAR | G19: =VLOOKUP(TBLROYAMORIKENYANG[NAMA BAHAN],[2]!TBLREKAPBAHAN[[NAMA BAHAN]:[MODAL SATUAN]],4,FALSE) -> 2000 | H19: =VLOOKUP(TBLROYAMORIKENYANG[NAMA BAHAN],[2]!TBLREKAPBAHAN[[NAMA BAHAN]:[MODAL SATUAN]],4,FALSE) -> 2000 | I19: 3 | J19: =H19*I19 -> 6000 | P19: ROTI MARYAM COKLAT PAKET KENYANG | Q19: 1 | R19: ROTI MARYAM | S19: =VLOOKUP(TBLROYAMCOKLATKENYANG[NAMA BAHAN],[2]!TBLREKAPBAHAN[[NAMA BAHAN]:[MODAL SATUAN]],2,FALSE) -> 20000 | T19: =VLOOKUP(TBLROYAMCOKLATKENYANG[NAMA BAHAN],[2]!TBLREKAPBAHAN[[NAMA BAHAN]:[MODAL SATUAN]],3,FALSE) -> 10 | U19: LEMBAR | V19: =VLOOKUP(TBLROYAMCOKLATKENYANG[NAMA BAHAN],[2]!TBLREKAPBAHAN[[NAMA BAHAN]:[MODAL SATUAN]],4,FALSE) -> 2000 | W19: =VLOOKUP(TBLROYAMCOKLATKENYANG[NAMA BAHAN],[2]!TBLREKAPBAHAN[[NAMA BAHAN]:[MODAL SATUAN]],4,FALSE) -> 2000 | X19: 3 | Y19: =W19*X19 -> 6000
B20: 2 | C20: GULA NYES | D20: =VLOOKUP(TBLROYAMORIKENYANG[NAMA BAHAN],[2]!TBLREKAPBAHAN[[NAMA BAHAN]:[MODAL SATUAN]],2,FALSE) -> 5000 | E20: =VLOOKUP(TBLROYAMORIKENYANG[NAMA BAHAN],[2]!TBLREKAPBAHAN[[NAMA BAHAN]:[MODAL SATUAN]],3,FALSE) -> 250 | F20: GRAM | G20: =VLOOKUP(TBLROYAMORIKENYANG[NAMA BAHAN],[2]!TBLREKAPBAHAN[[NAMA BAHAN]:[MODAL SATUAN]],4,FALSE) -> 20 | H20: =VLOOKUP(TBLROYAMORIKENYANG[NAMA BAHAN],[2]!TBLREKAPBAHAN[[NAMA BAHAN]:[MODAL SATUAN]],4,FALSE) -> 20 | I20: 15 | J20: =H20*I20 -> 300 | Q20: 2 | R20: GULA NYES | S20: =VLOOKUP(TBLROYAMCOKLATKENYANG[NAMA BAHAN],[2]!TBLREKAPBAHAN[[NAMA BAHAN]:[MODAL SATUAN]],2,FALSE) -> 5000 | T20: =VLOOKUP(TBLROYAMCOKLATKENYANG[NAMA BAHAN],[2]!TBLREKAPBAHAN[[NAMA BAHAN]:[MODAL SATUAN]],3,FALSE) -> 250 | U20: GRAM | V20: =VLOOKUP(TBLROYAMCOKLATKENYANG[NAMA BAHAN],[2]!TBLREKAPBAHAN[[NAMA BAHAN]:[MODAL SATUAN]],4,FALSE) -> 20 | W20: =VLOOKUP(TBLROYAMCOKLATKENYANG[NAMA BAHAN],[2]!TBLREKAPBAHAN[[NAMA BAHAN]:[MODAL SATUAN]],4,FALSE) -> 20 | X20: 0 | Y20: =W20*X20 -> 0
B21: 3 | C21: MISIS COKLAT | D21: =VLOOKUP(TBLROYAMORIKENYANG[NAMA BAHAN],[2]!TBLREKAPBAHAN[[NAMA BAHAN]:[MODAL SATUAN]],2,FALSE) -> 15000 | E21: =VLOOKUP(TBLROYAMORIKENYANG[NAMA BAHAN],[2]!TBLREKAPBAHAN[[NAMA BAHAN]:[MODAL SATUAN]],3,FALSE) -> 250 | F21: GRAM | G21: =VLOOKUP(TBLROYAMORIKENYANG[NAMA BAHAN],[2]!TBLREKAPBAHAN[[NAMA BAHAN]:[MODAL SATUAN]],4,FALSE) -> 60 | H21: =VLOOKUP(TBLROYAMORIKENYANG[NAMA BAHAN],[2]!TBLREKAPBAHAN[[NAMA BAHAN]:[MODAL SATUAN]],4,FALSE) -> 60 | I21: 0 | J21: =H21*I21 -> 0 | Q21: 3 | R21: MISIS COKLAT | S21: =VLOOKUP(TBLROYAMCOKLATKENYANG[NAMA BAHAN],[2]!TBLREKAPBAHAN[[NAMA BAHAN]:[MODAL SATUAN]],2,FALSE) -> 15000 | T21: =VLOOKUP(TBLROYAMCOKLATKENYANG[NAMA BAHAN],[2]!TBLREKAPBAHAN[[NAMA BAHAN]:[MODAL SATUAN]],3,FALSE) -> 250 | U21: GRAM | V21: =VLOOKUP(TBLROYAMCOKLATKENYANG[NAMA BAHAN],[2]!TBLREKAPBAHAN[[NAMA BAHAN]:[MODAL SATUAN]],4,FALSE) -> 60 | W21: =VLOOKUP(TBLROYAMCOKLATKENYANG[NAMA BAHAN],[2]!TBLREKAPBAHAN[[NAMA BAHAN]:[MODAL SATUAN]],4,FALSE) -> 60 | X21: 15 | Y21: =W21*X21 -> 900
B22: 4 | C22: MENTEGA | D22: =VLOOKUP(TBLROYAMORIKENYANG[NAMA BAHAN],[2]!TBLREKAPBAHAN[[NAMA BAHAN]:[MODAL SATUAN]],2,FALSE) -> 35000 | E22: =VLOOKUP(TBLROYAMORIKENYANG[NAMA BAHAN],[2]!TBLREKAPBAHAN[[NAMA BAHAN]:[MODAL SATUAN]],3,FALSE) -> 1000 | F22: GRAM | G22: =VLOOKUP(TBLROYAMORIKENYANG[NAMA BAHAN],[2]!TBLREKAPBAHAN[[NAMA BAHAN]:[MODAL SATUAN]],4,FALSE) -> 35 | H22: =VLOOKUP(TBLROYAMORIKENYANG[NAMA BAHAN],[2]!TBLREKAPBAHAN[[NAMA BAHAN]:[MODAL SATUAN]],4,FALSE) -> 35 | I22: 7 | J22: =H22*I22 -> 245 | Q22: 4 | R22: MENTEGA | S22: =VLOOKUP(TBLROYAMCOKLATKENYANG[NAMA BAHAN],[2]!TBLREKAPBAHAN[[NAMA BAHAN]:[MODAL SATUAN]],2,FALSE) -> 35000 | T22: =VLOOKUP(TBLROYAMCOKLATKENYANG[NAMA BAHAN],[2]!TBLREKAPBAHAN[[NAMA BAHAN]:[MODAL SATUAN]],3,FALSE) -> 1000 | U22: GRAM | V22: =VLOOKUP(TBLROYAMCOKLATKENYANG[NAMA BAHAN],[2]!TBLREKAPBAHAN[[NAMA BAHAN]:[MODAL SATUAN]],4,FALSE) -> 35 | W22: =VLOOKUP(TBLROYAMCOKLATKENYANG[NAMA BAHAN],[2]!TBLREKAPBAHAN[[NAMA BAHAN]:[MODAL SATUAN]],4,FALSE) -> 35 | X22: 7 | Y22: =W22*X22 -> 245
B23: 5 | C23: GAS ELPIJI | D23: =VLOOKUP(TBLROYAMORIKENYANG[NAMA BAHAN],[2]!TBLREKAPBAHAN[[NAMA BAHAN]:[MODAL SATUAN]],2,FALSE) -> 23000 | E23: =VLOOKUP(TBLROYAMORIKENYANG[NAMA BAHAN],[2]!TBLREKAPBAHAN[[NAMA BAHAN]:[MODAL SATUAN]],3,FALSE) -> 3000 | F23: GRAM | G23: =VLOOKUP(TBLROYAMORIKENYANG[NAMA BAHAN],[2]!TBLREKAPBAHAN[[NAMA BAHAN]:[MODAL SATUAN]],4,FALSE) -> 7.6666667 | H23: =VLOOKUP(TBLROYAMORIKENYANG[NAMA BAHAN],[2]!TBLREKAPBAHAN[[NAMA BAHAN]:[MODAL SATUAN]],4,FALSE) -> 7.6666667 | I23: 30 | J23: =H23*I23 -> 230 | Q23: 5 | R23: GAS ELPIJI | S23: =VLOOKUP(TBLROYAMCOKLATKENYANG[NAMA BAHAN],[2]!TBLREKAPBAHAN[[NAMA BAHAN]:[MODAL SATUAN]],2,FALSE) -> 23000 | T23: =VLOOKUP(TBLROYAMCOKLATKENYANG[NAMA BAHAN],[2]!TBLREKAPBAHAN[[NAMA BAHAN]:[MODAL SATUAN]],3,FALSE) -> 3000 | U23: GRAM | V23: =VLOOKUP(TBLROYAMCOKLATKENYANG[NAMA BAHAN],[2]!TBLREKAPBAHAN[[NAMA BAHAN]:[MODAL SATUAN]],4,FALSE) -> 7.6666667 | W23: =VLOOKUP(TBLROYAMCOKLATKENYANG[NAMA BAHAN],[2]!TBLREKAPBAHAN[[NAMA BAHAN]:[MODAL SATUAN]],4,FALSE) -> 7.6666667 | X23: 30 | Y23: =W23*X23 -> 230
B24: 6 | C24: KOTAK BURGER | D24: =VLOOKUP(TBLROYAMORIKENYANG[NAMA BAHAN],[2]!TBLREKAPBAHAN[[NAMA BAHAN]:[MODAL SATUAN]],2,FALSE) -> 41000 | E24: =VLOOKUP(TBLROYAMORIKENYANG[NAMA BAHAN],[2]!TBLREKAPBAHAN[[NAMA BAHAN]:[MODAL SATUAN]],3,FALSE) -> 50 | F24: BIJI | G24: =VLOOKUP(TBLROYAMORIKENYANG[NAMA BAHAN],[2]!TBLREKAPBAHAN[[NAMA BAHAN]:[MODAL SATUAN]],4,FALSE) -> 820 | H24: =VLOOKUP(TBLROYAMORIKENYANG[NAMA BAHAN],[2]!TBLREKAPBAHAN[[NAMA BAHAN]:[MODAL SATUAN]],4,FALSE) -> 820 | I24: 0 | J24: =H24*I24 -> 0 | Q24: 6 | R24: KOTAK BURGER | S24: =VLOOKUP(TBLROYAMCOKLATKENYANG[NAMA BAHAN],[2]!TBLREKAPBAHAN[[NAMA BAHAN]:[MODAL SATUAN]],2,FALSE) -> 41000 | T24: =VLOOKUP(TBLROYAMCOKLATKENYANG[NAMA BAHAN],[2]!TBLREKAPBAHAN[[NAMA BAHAN]:[MODAL SATUAN]],3,FALSE) -> 50 | U24: BIJI | V24: =VLOOKUP(TBLROYAMCOKLATKENYANG[NAMA BAHAN],[2]!TBLREKAPBAHAN[[NAMA BAHAN]:[MODAL SATUAN]],4,FALSE) -> 820 | W24: =VLOOKUP(TBLROYAMCOKLATKENYANG[NAMA BAHAN],[2]!TBLREKAPBAHAN[[NAMA BAHAN]:[MODAL SATUAN]],4,FALSE) -> 820 | X24: 0 | Y24: =W24*X24 -> 0
B25: 7 | C25: PLASTIK KLIP KECIL 10 CM | D25: =VLOOKUP(TBLROYAMORIKENYANG[NAMA BAHAN],[2]!TBLREKAPBAHAN[[NAMA BAHAN]:[MODAL SATUAN]],2,FALSE) -> 5000 | E25: =VLOOKUP(TBLROYAMORIKENYANG[NAMA BAHAN],[2]!TBLREKAPBAHAN[[NAMA BAHAN]:[MODAL SATUAN]],3,FALSE) -> 100 | F25: BIJI | G25: =VLOOKUP(TBLROYAMORIKENYANG[NAMA BAHAN],[2]!TBLREKAPBAHAN[[NAMA BAHAN]:[MODAL SATUAN]],4,FALSE) -> 50 | H25: =VLOOKUP(TBLROYAMORIKENYANG[NAMA BAHAN],[2]!TBLREKAPBAHAN[[NAMA BAHAN]:[MODAL SATUAN]],4,FALSE) -> 50 | I25: 0 | J25: =H25*I25 -> 0 | Q25: 7 | R25: PLASTIK KLIP KECIL 10 CM | S25: =VLOOKUP(TBLROYAMCOKLATKENYANG[NAMA BAHAN],[2]!TBLREKAPBAHAN[[NAMA BAHAN]:[MODAL SATUAN]],2,FALSE) -> 5000 | T25: =VLOOKUP(TBLROYAMCOKLATKENYANG[NAMA BAHAN],[2]!TBLREKAPBAHAN[[NAMA BAHAN]:[MODAL SATUAN]],3,FALSE) -> 100 | U25: BIJI | V25: =VLOOKUP(TBLROYAMCOKLATKENYANG[NAMA BAHAN],[2]!TBLREKAPBAHAN[[NAMA BAHAN]:[MODAL SATUAN]],4,FALSE) -> 50 | W25: =VLOOKUP(TBLROYAMCOKLATKENYANG[NAMA BAHAN],[2]!TBLREKAPBAHAN[[NAMA BAHAN]:[MODAL SATUAN]],4,FALSE) -> 50 | X25: 0 | Y25: =W25*X25 -> 0
B26: 8 | C26: PLASTIK KLIP SEDANG 13 CM | D26: =VLOOKUP(TBLROYAMORIKENYANG[NAMA BAHAN],[2]!TBLREKAPBAHAN[[NAMA BAHAN]:[MODAL SATUAN]],2,FALSE) -> 6000 | E26: =VLOOKUP(TBLROYAMORIKENYANG[NAMA BAHAN],[2]!TBLREKAPBAHAN[[NAMA BAHAN]:[MODAL SATUAN]],3,FALSE) -> 100 | F26: BIJI | G26: =VLOOKUP(TBLROYAMORIKENYANG[NAMA BAHAN],[2]!TBLREKAPBAHAN[[NAMA BAHAN]:[MODAL SATUAN]],4,FALSE) -> 60 | H26: =VLOOKUP(TBLROYAMORIKENYANG[NAMA BAHAN],[2]!TBLREKAPBAHAN[[NAMA BAHAN]:[MODAL SATUAN]],4,FALSE) -> 60 | I26: 1 | J26: =H26*I26 -> 60 | Q26: 8 | R26: PLASTIK KLIP SEDANG 13 CM | S26: =VLOOKUP(TBLROYAMCOKLATKENYANG[NAMA BAHAN],[2]!TBLREKAPBAHAN[[NAMA BAHAN]:[MODAL SATUAN]],2,FALSE) -> 6000 | T26: =VLOOKUP(TBLROYAMCOKLATKENYANG[NAMA BAHAN],[2]!TBLREKAPBAHAN[[NAMA BAHAN]:[MODAL SATUAN]],3,FALSE) -> 100 | U26: BIJI | V26: =VLOOKUP(TBLROYAMCOKLATKENYANG[NAMA BAHAN],[2]!TBLREKAPBAHAN[[NAMA BAHAN]:[MODAL SATUAN]],4,FALSE) -> 60 | W26: =VLOOKUP(TBLROYAMCOKLATKENYANG[NAMA BAHAN],[2]!TBLREKAPBAHAN[[NAMA BAHAN]:[MODAL SATUAN]],4,FALSE) -> 60 | X26: 1 | Y26: =W26*X26 -> 60
B27: 9 | C27: PLASTIK KLIP BESAR 15 CM | D27: =VLOOKUP(TBLROYAMORIKENYANG[NAMA BAHAN],[2]!TBLREKAPBAHAN[[NAMA BAHAN]:[MODAL SATUAN]],2,FALSE) -> 8000 | E27: =VLOOKUP(TBLROYAMORIKENYANG[NAMA BAHAN],[2]!TBLREKAPBAHAN[[NAMA BAHAN]:[MODAL SATUAN]],3,FALSE) -> 100 | F27: BIJI | G27: =VLOOKUP(TBLROYAMORIKENYANG[NAMA BAHAN],[2]!TBLREKAPBAHAN[[NAMA BAHAN]:[MODAL SATUAN]],4,FALSE) -> 80 | H27: =VLOOKUP(TBLROYAMORIKENYANG[NAMA BAHAN],[2]!TBLREKAPBAHAN[[NAMA BAHAN]:[MODAL SATUAN]],4,FALSE) -> 80 | I27: 0 | J27: =H27*I27 -> 0 | Q27: 9 | R27: PLASTIK KLIP BESAR 15 CM | S27: =VLOOKUP(TBLROYAMCOKLATKENYANG[NAMA BAHAN],[2]!TBLREKAPBAHAN[[NAMA BAHAN]:[MODAL SATUAN]],2,FALSE) -> 8000 | T27: =VLOOKUP(TBLROYAMCOKLATKENYANG[NAMA BAHAN],[2]!TBLREKAPBAHAN[[NAMA BAHAN]:[MODAL SATUAN]],3,FALSE) -> 100 | U27: BIJI | V27: =VLOOKUP(TBLROYAMCOKLATKENYANG[NAMA BAHAN],[2]!TBLREKAPBAHAN[[NAMA BAHAN]:[MODAL SATUAN]],4,FALSE) -> 80 | W27: =VLOOKUP(TBLROYAMCOKLATKENYANG[NAMA BAHAN],[2]!TBLREKAPBAHAN[[NAMA BAHAN]:[MODAL SATUAN]],4,FALSE) -> 80 | X27: 0 | Y27: =W27*X27 -> 0
B28: 10 | C28: PLASTIK KLIP 20 CM | D28: =VLOOKUP(TBLROYAMORIKENYANG[NAMA BAHAN],[2]!TBLREKAPBAHAN[[NAMA BAHAN]:[MODAL SATUAN]],2,FALSE) -> 12000 | E28: =VLOOKUP(TBLROYAMORIKENYANG[NAMA BAHAN],[2]!TBLREKAPBAHAN[[NAMA BAHAN]:[MODAL SATUAN]],3,FALSE) -> 100 | F28: BIJI | G28: =VLOOKUP(TBLROYAMORIKENYANG[NAMA BAHAN],[2]!TBLREKAPBAHAN[[NAMA BAHAN]:[MODAL SATUAN]],4,FALSE) -> 120 | H28: =VLOOKUP(TBLROYAMORIKENYANG[NAMA BAHAN],[2]!TBLREKAPBAHAN[[NAMA BAHAN]:[MODAL SATUAN]],4,FALSE) -> 120 | I28: 0 | J28: =H28*I28 -> 0 | Q28: 10 | R28: PLASTIK KLIP 20 CM | S28: =VLOOKUP(TBLROYAMCOKLATKENYANG[NAMA BAHAN],[2]!TBLREKAPBAHAN[[NAMA BAHAN]:[MODAL SATUAN]],2,FALSE) -> 12000 | T28: =VLOOKUP(TBLROYAMCOKLATKENYANG[NAMA BAHAN],[2]!TBLREKAPBAHAN[[NAMA BAHAN]:[MODAL SATUAN]],3,FALSE) -> 100 | U28: BIJI | V28: =VLOOKUP(TBLROYAMCOKLATKENYANG[NAMA BAHAN],[2]!TBLREKAPBAHAN[[NAMA BAHAN]:[MODAL SATUAN]],4,FALSE) -> 120 | W28: =VLOOKUP(TBLROYAMCOKLATKENYANG[NAMA BAHAN],[2]!TBLREKAPBAHAN[[NAMA BAHAN]:[MODAL SATUAN]],4,FALSE) -> 120 | X28: 0 | Y28: =W28*X28 -> 0
B29: 11 | C29: KRESEK 10 CM | D29: =VLOOKUP(TBLROYAMORIKENYANG[NAMA BAHAN],[2]!TBLREKAPBAHAN[[NAMA BAHAN]:[MODAL SATUAN]],2,FALSE) -> 5500 | E29: =VLOOKUP(TBLROYAMORIKENYANG[NAMA BAHAN],[2]!TBLREKAPBAHAN[[NAMA BAHAN]:[MODAL SATUAN]],3,FALSE) -> 100 | F29: BIJI | G29: =VLOOKUP(TBLROYAMORIKENYANG[NAMA BAHAN],[2]!TBLREKAPBAHAN[[NAMA BAHAN]:[MODAL SATUAN]],4,FALSE) -> 55 | H29: =VLOOKUP(TBLROYAMORIKENYANG[NAMA BAHAN],[2]!TBLREKAPBAHAN[[NAMA BAHAN]:[MODAL SATUAN]],4,FALSE) -> 55 | I29: 1 | J29: =H29*I29 -> 55 | Q29: 11 | R29: KRESEK 10 CM | S29: =VLOOKUP(TBLROYAMCOKLATKENYANG[NAMA BAHAN],[2]!TBLREKAPBAHAN[[NAMA BAHAN]:[MODAL SATUAN]],2,FALSE) -> 5500 | T29: =VLOOKUP(TBLROYAMCOKLATKENYANG[NAMA BAHAN],[2]!TBLREKAPBAHAN[[NAMA BAHAN]:[MODAL SATUAN]],3,FALSE) -> 100 | U29: BIJI | V29: =VLOOKUP(TBLROYAMCOKLATKENYANG[NAMA BAHAN],[2]!TBLREKAPBAHAN[[NAMA BAHAN]:[MODAL SATUAN]],4,FALSE) -> 55 | W29: =VLOOKUP(TBLROYAMCOKLATKENYANG[NAMA BAHAN],[2]!TBLREKAPBAHAN[[NAMA BAHAN]:[MODAL SATUAN]],4,FALSE) -> 55 | X29: 1 | Y29: =W29*X29 -> 55
B30: 12 | C30: KRESEK 15 CM | D30: =VLOOKUP(TBLROYAMORIKENYANG[NAMA BAHAN],[2]!TBLREKAPBAHAN[[NAMA BAHAN]:[MODAL SATUAN]],2,FALSE) -> 7000 | E30: =VLOOKUP(TBLROYAMORIKENYANG[NAMA BAHAN],[2]!TBLREKAPBAHAN[[NAMA BAHAN]:[MODAL SATUAN]],3,FALSE) -> 50 | F30: BIJI | G30: =VLOOKUP(TBLROYAMORIKENYANG[NAMA BAHAN],[2]!TBLREKAPBAHAN[[NAMA BAHAN]:[MODAL SATUAN]],4,FALSE) -> 140 | H30: =VLOOKUP(TBLROYAMORIKENYANG[NAMA BAHAN],[2]!TBLREKAPBAHAN[[NAMA BAHAN]:[MODAL SATUAN]],4,FALSE) -> 140 | I30: 0 | J30: =H30*I30 -> 0 | Q30: 12 | R30: KRESEK 15 CM | S30: =VLOOKUP(TBLROYAMCOKLATKENYANG[NAMA BAHAN],[2]!TBLREKAPBAHAN[[NAMA BAHAN]:[MODAL SATUAN]],2,FALSE) -> 7000 | T30: =VLOOKUP(TBLROYAMCOKLATKENYANG[NAMA BAHAN],[2]!TBLREKAPBAHAN[[NAMA BAHAN]:[MODAL SATUAN]],3,FALSE) -> 50 | U30: BIJI | V30: =VLOOKUP(TBLROYAMCOKLATKENYANG[NAMA BAHAN],[2]!TBLREKAPBAHAN[[NAMA BAHAN]:[MODAL SATUAN]],4,FALSE) -> 140 | W30: =VLOOKUP(TBLROYAMCOKLATKENYANG[NAMA BAHAN],[2]!TBLREKAPBAHAN[[NAMA BAHAN]:[MODAL SATUAN]],4,FALSE) -> 140 | X30: 0 | Y30: =W30*X30 -> 0
A31: MODAL | J31: =SUM(J19:J30) -> 6890 | P31: MODAL | Y31: =SUM(Y19:Y30) -> 7490
A36: NAMA PRODUK | B36: KODE BAHAN | C36: NAMA BAHAN2 | D36: HARGA KULAK | E36: ISI | F36: SATUAN | G36: HARGA KULAK SATUAN | H36: MODAL SATUAN | I36: KEB.3 | J36: JUMLAH MODAL | P36: NAMA PRODUK | Q36: KODE BAHAN | R36: NAMA BAHAN | S36: HARGA KULAK | T36: ISI | U36: SATUAN | V36: HARGA KULAK SATUAN | W36: MODAL SATUAN | X36: KEB.8 | Y36: JUMLAH MODAL
A37: ROTI MARYAM ORI PAKET DOBEL KENYANG | B37: 1 | C37: ROTI MARYAM | D37: 18000 | E37: 10 | F37: LEMBAR | G37: =D37/E37 -> 1800 | H37: =G37 -> 1800 | I37: 6 | J37: =H37*I37 -> 10800 | P37: ROTI MARYAM COKLAT PAKET DOBEL KENYANG | Q37: 1 | R37: ROTI MARYAM | S37: =VLOOKUP(TBLROYAMCOKLATDOBEL[NAMA BAHAN],[1]!TBLREKAPBAHAN[[NAMA BAHAN]:[MODAL SATUAN]],2,FALSE) -> 20000 | T37: =VLOOKUP(TBLROYAMCOKLATDOBEL[NAMA BAHAN],[1]!TBLREKAPBAHAN[[NAMA BAHAN]:[MODAL SATUAN]],3,FALSE) -> 10 | U37: LEMBAR | V37: =VLOOKUP(TBLROYAMCOKLATDOBEL[NAMA BAHAN],[1]!TBLREKAPBAHAN[[NAMA BAHAN]:[MODAL SATUAN]],4,FALSE) -> 2000 | W37: =VLOOKUP(TBLROYAMCOKLATDOBEL[NAMA BAHAN],[1]!TBLREKAPBAHAN[[NAMA BAHAN]:[MODAL SATUAN]],4,FALSE) -> 2000 | X37: 6 | Y37: =W37*X37 -> 12000
B38: 2 | C38: GULA NYES | D38: 5000 | E38: 250 | F38: GRAM | G38: =D38/E38 -> 20 | H38: =G38 -> 20 | I38: 20 | J38: =H38*I38 -> 400 | Q38: 2 | R38: GULA NYES | S38: =VLOOKUP(TBLROYAMCOKLATDOBEL[NAMA BAHAN],[1]!TBLREKAPBAHAN[[NAMA BAHAN]:[MODAL SATUAN]],2,FALSE) -> 5000 | T38: =VLOOKUP(TBLROYAMCOKLATDOBEL[NAMA BAHAN],[1]!TBLREKAPBAHAN[[NAMA BAHAN]:[MODAL SATUAN]],3,FALSE) -> 250 | U38: GRAM | V38: =VLOOKUP(TBLROYAMCOKLATDOBEL[NAMA BAHAN],[1]!TBLREKAPBAHAN[[NAMA BAHAN]:[MODAL SATUAN]],4,FALSE) -> 20 | W38: =VLOOKUP(TBLROYAMCOKLATDOBEL[NAMA BAHAN],[1]!TBLREKAPBAHAN[[NAMA BAHAN]:[MODAL SATUAN]],4,FALSE) -> 20 | X38: 0 | Y38: =W38*X38 -> 0
B39: 3 | C39: MISIS COKLAT | D39: 11000 | E39: 250 | F39: GRAM | G39: =D39/E39 -> 44 | H39: =G39 -> 44 | I39: 0 | J39: =H39*I39 -> 0 | Q39: 3 | R39: MISIS COKLAT | S39: =VLOOKUP(TBLROYAMCOKLATDOBEL[NAMA BAHAN],[1]!TBLREKAPBAHAN[[NAMA BAHAN]:[MODAL SATUAN]],2,FALSE) -> 15000 | T39: =VLOOKUP(TBLROYAMCOKLATDOBEL[NAMA BAHAN],[1]!TBLREKAPBAHAN[[NAMA BAHAN]:[MODAL SATUAN]],3,FALSE) -> 250 | U39: GRAM | V39: =VLOOKUP(TBLROYAMCOKLATDOBEL[NAMA BAHAN],[1]!TBLREKAPBAHAN[[NAMA BAHAN]:[MODAL SATUAN]],4,FALSE) -> 60 | W39: =VLOOKUP(TBLROYAMCOKLATDOBEL[NAMA BAHAN],[1]!TBLREKAPBAHAN[[NAMA BAHAN]:[MODAL SATUAN]],4,FALSE) -> 60 | X39: 23 | Y39: =W39*X39 -> 1380
B40: 4 | C40: MENTEGA | D40: 35000 | E40: 1000 | F40: GRAM | G40: =D40/E40 -> 35 | H40: =G40 -> 35 | I40: 10 | J40: =H40*I40 -> 350 | Q40: 4 | R40: MENTEGA | S40: =VLOOKUP(TBLROYAMCOKLATDOBEL[NAMA BAHAN],[1]!TBLREKAPBAHAN[[NAMA BAHAN]:[MODAL SATUAN]],2,FALSE) -> 35000 | T40: =VLOOKUP(TBLROYAMCOKLATDOBEL[NAMA BAHAN],[1]!TBLREKAPBAHAN[[NAMA BAHAN]:[MODAL SATUAN]],3,FALSE) -> 1000 | U40: GRAM | V40: =VLOOKUP(TBLROYAMCOKLATDOBEL[NAMA BAHAN],[1]!TBLREKAPBAHAN[[NAMA BAHAN]:[MODAL SATUAN]],4,FALSE) -> 35 | W40: =VLOOKUP(TBLROYAMCOKLATDOBEL[NAMA BAHAN],[1]!TBLREKAPBAHAN[[NAMA BAHAN]:[MODAL SATUAN]],4,FALSE) -> 35 | X40: 10 | Y40: =W40*X40 -> 350
B41: 5 | C41: GAS ELPIJI | D41: 23000 | E41: 3000 | F41: GRAM | G41: =D41/E41 -> 7.6666667 | H41: =G41 -> 7.6666667 | I41: 30 | J41: =H41*I41 -> 230 | Q41: 5 | R41: GAS ELPIJI | S41: =VLOOKUP(TBLROYAMCOKLATDOBEL[NAMA BAHAN],[1]!TBLREKAPBAHAN[[NAMA BAHAN]:[MODAL SATUAN]],2,FALSE) -> 23000 | T41: =VLOOKUP(TBLROYAMCOKLATDOBEL[NAMA BAHAN],[1]!TBLREKAPBAHAN[[NAMA BAHAN]:[MODAL SATUAN]],3,FALSE) -> 3000 | U41: GRAM | V41: =VLOOKUP(TBLROYAMCOKLATDOBEL[NAMA BAHAN],[1]!TBLREKAPBAHAN[[NAMA BAHAN]:[MODAL SATUAN]],4,FALSE) -> 7.6666667 | W41: =VLOOKUP(TBLROYAMCOKLATDOBEL[NAMA BAHAN],[1]!TBLREKAPBAHAN[[NAMA BAHAN]:[MODAL SATUAN]],4,FALSE) -> 7.6666667 | X41: 30 | Y41: =W41*X41 -> 230
B42: 6 | C42: KOTAK BURGER | D42: 41000 | E42: 50 | F42: BIJI | G42: =D42/E42 -> 820 | H42: =G42 -> 820 | I42: 0 | J42: =H42*I42 -> 0 | Q42: 6 | R42: KOTAK BURGER | S42: =VLOOKUP(TBLROYAMCOKLATDOBEL[NAMA BAHAN],[1]!TBLREKAPBAHAN[[NAMA BAHAN]:[MODAL SATUAN]],2,FALSE) -> 41000 | T42: =VLOOKUP(TBLROYAMCOKLATDOBEL[NAMA BAHAN],[1]!TBLREKAPBAHAN[[NAMA BAHAN]:[MODAL SATUAN]],3,FALSE) -> 50 | U42: BIJI | V42: =VLOOKUP(TBLROYAMCOKLATDOBEL[NAMA BAHAN],[1]!TBLREKAPBAHAN[[NAMA BAHAN]:[MODAL SATUAN]],4,FALSE) -> 820 | W42: =VLOOKUP(TBLROYAMCOKLATDOBEL[NAMA BAHAN],[1]!TBLREKAPBAHAN[[NAMA BAHAN]:[MODAL SATUAN]],4,FALSE) -> 820 | X42: 0 | Y42: =W42*X42 -> 0
B43: 7 | C43: PLASTIK KLIP KECIL 10 CM | D43: 5000 | E43: 100 | F43: BIJI | G43: =D43/E43 -> 50 | H43: =G43 -> 50 | I43: 0 | J43: =H43*I43 -> 0 | Q43: 7 | R43: PLASTIK KLIP KECIL 10 CM | S43: =VLOOKUP(TBLROYAMCOKLATDOBEL[NAMA BAHAN],[1]!TBLREKAPBAHAN[[NAMA BAHAN]:[MODAL SATUAN]],2,FALSE) -> 5000 | T43: =VLOOKUP(TBLROYAMCOKLATDOBEL[NAMA BAHAN],[1]!TBLREKAPBAHAN[[NAMA BAHAN]:[MODAL SATUAN]],3,FALSE) -> 100 | U43: BIJI | V43: =VLOOKUP(TBLROYAMCOKLATDOBEL[NAMA BAHAN],[1]!TBLREKAPBAHAN[[NAMA BAHAN]:[MODAL SATUAN]],4,FALSE) -> 50 | W43: =VLOOKUP(TBLROYAMCOKLATDOBEL[NAMA BAHAN],[1]!TBLREKAPBAHAN[[NAMA BAHAN]:[MODAL SATUAN]],4,FALSE) -> 50 | X43: 0 | Y43: =W43*X43 -> 0
B44: 8 | C44: PLASTIK KLIP SEDANG 13 CM | D44: 6000 | E44: 100 | F44: BIJI | G44: =D44/E44 -> 60 | H44: =G44 -> 60 | I44: 0 | J44: =H44*I44 -> 0 | Q44: 8 | R44: PLASTIK KLIP SEDANG 13 CM | S44: =VLOOKUP(TBLROYAMCOKLATDOBEL[NAMA BAHAN],[1]!TBLREKAPBAHAN[[NAMA BAHAN]:[MODAL SATUAN]],2,FALSE) -> 6000 | T44: =VLOOKUP(TBLROYAMCOKLATDOBEL[NAMA BAHAN],[1]!TBLREKAPBAHAN[[NAMA BAHAN]:[MODAL SATUAN]],3,FALSE) -> 100 | U44: BIJI | V44: =VLOOKUP(TBLROYAMCOKLATDOBEL[NAMA BAHAN],[1]!TBLREKAPBAHAN[[NAMA BAHAN]:[MODAL SATUAN]],4,FALSE) -> 60 | W44: =VLOOKUP(TBLROYAMCOKLATDOBEL[NAMA BAHAN],[1]!TBLREKAPBAHAN[[NAMA BAHAN]:[MODAL SATUAN]],4,FALSE) -> 60 | X44: 0 | Y44: =W44*X44 -> 0
B45: 9 | C45: PLASTIK KLIP BESAR 15 CM | D45: 8000 | E45: 100 | F45: BIJI | G45: =D45/E45 -> 80 | H45: =G45 -> 80 | I45: 1 | J45: =H45*I45 -> 80 | Q45: 9 | R45: PLASTIK KLIP BESAR 15 CM | S45: =VLOOKUP(TBLROYAMCOKLATDOBEL[NAMA BAHAN],[1]!TBLREKAPBAHAN[[NAMA BAHAN]:[MODAL SATUAN]],2,FALSE) -> 8000 | T45: =VLOOKUP(TBLROYAMCOKLATDOBEL[NAMA BAHAN],[1]!TBLREKAPBAHAN[[NAMA BAHAN]:[MODAL SATUAN]],3,FALSE) -> 100 | U45: BIJI | V45: =VLOOKUP(TBLROYAMCOKLATDOBEL[NAMA BAHAN],[1]!TBLREKAPBAHAN[[NAMA BAHAN]:[MODAL SATUAN]],4,FALSE) -> 80 | W45: =VLOOKUP(TBLROYAMCOKLATDOBEL[NAMA BAHAN],[1]!TBLREKAPBAHAN[[NAMA BAHAN]:[MODAL SATUAN]],4,FALSE) -> 80 | X45: 1 | Y45: =W45*X45 -> 80
B46: 10 | C46: PLASTIK KLIP 20 CM | D46: 12000 | E46: 100 | F46: BIJI | G46: =D46/E46 -> 120 | H46: =G46 -> 120 | I46: 0 | J46: =H46*I46 -> 0 | Q46: 10 | R46: PLASTIK KLIP 20 CM | S46: =VLOOKUP(TBLROYAMCOKLATDOBEL[NAMA BAHAN],[1]!TBLREKAPBAHAN[[NAMA BAHAN]:[MODAL SATUAN]],2,FALSE) -> 12000 | T46: =VLOOKUP(TBLROYAMCOKLATDOBEL[NAMA BAHAN],[1]!TBLREKAPBAHAN[[NAMA BAHAN]:[MODAL SATUAN]],3,FALSE) -> 100 | U46: BIJI | V46: =VLOOKUP(TBLROYAMCOKLATDOBEL[NAMA BAHAN],[1]!TBLREKAPBAHAN[[NAMA BAHAN]:[MODAL SATUAN]],4,FALSE) -> 120 | W46: =VLOOKUP(TBLROYAMCOKLATDOBEL[NAMA BAHAN],[1]!TBLREKAPBAHAN[[NAMA BAHAN]:[MODAL SATUAN]],4,FALSE) -> 120 | X46: 0 | Y46: =W46*X46 -> 0
B47: 11 | C47: KRESEK 10 CM | D47: 5500 | E47: 100 | F47: BIJI | G47: =D47/E47 -> 55 | H47: =G47 -> 55 | I47: 0 | J47: =H47*I47 -> 0 | Q47: 11 | R47: KRESEK 10 CM | S47: =VLOOKUP(TBLROYAMCOKLATDOBEL[NAMA BAHAN],[1]!TBLREKAPBAHAN[[NAMA BAHAN]:[MODAL SATUAN]],2,FALSE) -> 5500 | T47: =VLOOKUP(TBLROYAMCOKLATDOBEL[NAMA BAHAN],[1]!TBLREKAPBAHAN[[NAMA BAHAN]:[MODAL SATUAN]],3,FALSE) -> 100 | U47: BIJI | V47: =VLOOKUP(TBLROYAMCOKLATDOBEL[NAMA BAHAN],[1]!TBLREKAPBAHAN[[NAMA BAHAN]:[MODAL SATUAN]],4,FALSE) -> 55 | W47: =VLOOKUP(TBLROYAMCOKLATDOBEL[NAMA BAHAN],[1]!TBLREKAPBAHAN[[NAMA BAHAN]:[MODAL SATUAN]],4,FALSE) -> 55 | X47: 0 | Y47: =W47*X47 -> 0
B48: 12 | C48: KRESEK 15 CM | D48: 7000 | E48: 50 | F48: BIJI | G48: =D48/E48 -> 140 | H48: =G48 -> 140 | I48: 1 | J48: =H48*I48 -> 140 | Q48: 12 | R48: KRESEK 15 CM | S48: =VLOOKUP(TBLROYAMCOKLATDOBEL[NAMA BAHAN],[1]!TBLREKAPBAHAN[[NAMA BAHAN]:[MODAL SATUAN]],2,FALSE) -> 7000 | T48: =VLOOKUP(TBLROYAMCOKLATDOBEL[NAMA BAHAN],[1]!TBLREKAPBAHAN[[NAMA BAHAN]:[MODAL SATUAN]],3,FALSE) -> 50 | U48: BIJI | V48: =VLOOKUP(TBLROYAMCOKLATDOBEL[NAMA BAHAN],[1]!TBLREKAPBAHAN[[NAMA BAHAN]:[MODAL SATUAN]],4,FALSE) -> 140 | W48: =VLOOKUP(TBLROYAMCOKLATDOBEL[NAMA BAHAN],[1]!TBLREKAPBAHAN[[NAMA BAHAN]:[MODAL SATUAN]],4,FALSE) -> 140 | X48: 1 | Y48: =W48*X48 -> 140
A49: MODAL | J49: =SUM(J37:J48) -> 12000 | P49: MODAL | Y49: =SUM(Y37:Y48) -> 14180

Sheet  KEBAB SOSIZ
A1: KODE BAHAN | B1: NAMA BAHAN | C1: HARGA KULAK | D1: ISI | E1: HARGA KULAK SATUAN | F1: MODAL SATUAN | G1: KEB. | H1: KEBAB SOSIZ KECIL | I1: KEB.2 | J1: KEBAB SOSIZ PEDAS KECIL | K1: KEB.3 | L1: KEBAB SOSIZ TANPA SAYUR | M1: KEB.4 | N1: KEBAB SOSIZ TANPA SAYUR PEDAS | P1: KEB
A2: 1 | B2: SAOS TOMAT GRAM | C2: =VLOOKUP(TBLKEBABSOSIZ[NAMA BAHAN],[2]!TBLREKAPBAHAN[[NAMA BAHAN]:[MODAL SATUAN]],2,FALSE) -> 20000 | D2: =VLOOKUP(TBLKEBABSOSIZ[NAMA BAHAN],[2]!TBLREKAPBAHAN[[NAMA BAHAN]:[MODAL SATUAN]],3,FALSE) -> 1000 | E2: =VLOOKUP(TBLKEBABSOSIZ[NAMA BAHAN],[2]!TBLREKAPBAHAN[[NAMA BAHAN]:[MODAL SATUAN]],4,FALSE) -> 20 | F2: =VLOOKUP(TBLKEBABSOSIZ[NAMA BAHAN],[2]!TBLREKAPBAHAN[[NAMA BAHAN]:[MODAL SATUAN]],4,FALSE) -> 20 | G2: 10 | H2: =F2*G2 -> 200 | I2: 0 | J2: =F2*I2 -> 0 | K2: 10 | L2: =F2*K2 -> 200 | M2: 0 | N2: =F2*M2 -> 0 | P2: 13 | Q2: =TBLKEBABSOSIZ[[#This Row],[MODAL SATUAN]]*P2 -> 260
A3: 2 | B3: SAOS SAMBAL GRAM | C3: =VLOOKUP(TBLKEBABSOSIZ[NAMA BAHAN],[2]!TBLREKAPBAHAN[[NAMA BAHAN]:[MODAL SATUAN]],2,FALSE) -> 18000 | D3: =VLOOKUP(TBLKEBABSOSIZ[NAMA BAHAN],[2]!TBLREKAPBAHAN[[NAMA BAHAN]:[MODAL SATUAN]],3,FALSE) -> 1000 | E3: =VLOOKUP(TBLKEBABSOSIZ[NAMA BAHAN],[2]!TBLREKAPBAHAN[[NAMA BAHAN]:[MODAL SATUAN]],4,FALSE) -> 18 | F3: =VLOOKUP(TBLKEBABSOSIZ[NAMA BAHAN],[2]!TBLREKAPBAHAN[[NAMA BAHAN]:[MODAL SATUAN]],4,FALSE) -> 18 | G3: 0 | H3: =F3*G3 -> 0 | I3: 20 | J3: =F3*I3 -> 360 | K3: 0 | L3: =F3*K3 -> 0 | M3: 20 | N3: =F3*M3 -> 360 | P3: 0 | Q3: =TBLKEBABSOSIZ[[#This Row],[MODAL SATUAN]]*P3 -> 0
A4: 3 | B4: SAOS BBQ GRAM | C4: =VLOOKUP(TBLKEBABSOSIZ[NAMA BAHAN],[2]!TBLREKAPBAHAN[[NAMA BAHAN]:[MODAL SATUAN]],2,FALSE) -> 12000 | D4: =VLOOKUP(TBLKEBABSOSIZ[NAMA BAHAN],[2]!TBLREKAPBAHAN[[NAMA BAHAN]:[MODAL SATUAN]],3,FALSE) -> 250 | E4: =VLOOKUP(TBLKEBABSOSIZ[NAMA BAHAN],[2]!TBLREKAPBAHAN[[NAMA BAHAN]:[MODAL SATUAN]],4,FALSE) -> 48 | F4: =VLOOKUP(TBLKEBABSOSIZ[NAMA BAHAN],[2]!TBLREKAPBAHAN[[NAMA BAHAN]:[MODAL SATUAN]],4,FALSE) -> 48 | G4: 5 | H4: =F4*G4 -> 240 | I4: 5 | J4: =F4*I4 -> 240 | K4: 5 | L4: =F4*K4 -> 240 | M4: 5 | N4: =F4*M4 -> 240 | P4: 5 | Q4: =TBLKEBABSOSIZ[[#This Row],[MODAL SATUAN]]*P4 -> 240
A5: 4 | B5: MAYONAIS GRAM | C5: =VLOOKUP(TBLKEBABSOSIZ[NAMA BAHAN],[2]!TBLREKAPBAHAN[[NAMA BAHAN]:[MODAL SATUAN]],2,FALSE) -> 50000 | D5: =VLOOKUP(TBLKEBABSOSIZ[NAMA BAHAN],[2]!TBLREKAPBAHAN[[NAMA BAHAN]:[MODAL SATUAN]],3,FALSE) -> 1000 | E5: =VLOOKUP(TBLKEBABSOSIZ[NAMA BAHAN],[2]!TBLREKAPBAHAN[[NAMA BAHAN]:[MODAL SATUAN]],4,FALSE) -> 50 | F5: =VLOOKUP(TBLKEBABSOSIZ[NAMA BAHAN],[2]!TBLREKAPBAHAN[[NAMA BAHAN]:[MODAL SATUAN]],4,FALSE) -> 50 | G5: 10 | H5: =F5*G5 -> 500 | I5: 7 | J5: =F5*I5 -> 350 | K5: 10 | L5: =F5*K5 -> 500 | M5: 7 | N5: =F5*M5 -> 350 | P5: 13 | Q5: =TBLKEBABSOSIZ[[#This Row],[MODAL SATUAN]]*P5 -> 650
A6: 5 | B6: SAOS SPAGHETI GRAM | C6: =VLOOKUP(TBLKEBABSOSIZ[NAMA BAHAN],[2]!TBLREKAPBAHAN[[NAMA BAHAN]:[MODAL SATUAN]],2,FALSE) -> 12000 | D6: =VLOOKUP(TBLKEBABSOSIZ[NAMA BAHAN],[2]!TBLREKAPBAHAN[[NAMA BAHAN]:[MODAL SATUAN]],3,FALSE) -> 250 | E6: =VLOOKUP(TBLKEBABSOSIZ[NAMA BAHAN],[2]!TBLREKAPBAHAN[[NAMA BAHAN]:[MODAL SATUAN]],4,FALSE) -> 48 | F6: =VLOOKUP(TBLKEBABSOSIZ[NAMA BAHAN],[2]!TBLREKAPBAHAN[[NAMA BAHAN]:[MODAL SATUAN]],4,FALSE) -> 48 | G6: 5 | H6: =F6*G6 -> 240 | I6: 5 | J6: =F6*I6 -> 240 | K6: 5 | L6: =F6*K6 -> 240 | M6: 5 | N6: =F6*M6 -> 240 | P6: 5 | Q6: =TBLKEBABSOSIZ[[#This Row],[MODAL SATUAN]]*P6 -> 240
A7: 6 | B7: SOSIZ BATANG | C7: =VLOOKUP(TBLKEBABSOSIZ[NAMA BAHAN],[2]!TBLREKAPBAHAN[[NAMA BAHAN]:[MODAL SATUAN]],2,FALSE) -> 35000 | D7: =VLOOKUP(TBLKEBABSOSIZ[NAMA BAHAN],[2]!TBLREKAPBAHAN[[NAMA BAHAN]:[MODAL SATUAN]],3,FALSE) -> 38 | E7: =VLOOKUP(TBLKEBABSOSIZ[NAMA BAHAN],[2]!TBLREKAPBAHAN[[NAMA BAHAN]:[MODAL SATUAN]],4,FALSE) -> 921.05263 | F7: =VLOOKUP(TBLKEBABSOSIZ[NAMA BAHAN],[2]!TBLREKAPBAHAN[[NAMA BAHAN]:[MODAL SATUAN]],4,FALSE) -> 921.05263 | G7: 2 | H7: =F7*G7 -> 1842.1053 | I7: 2 | J7: =F7*I7 -> 1842.1053 | K7: 3 | L7: =F7*K7 -> 2763.1579 | M7: 3 | N7: =F7*M7 -> 2763.1579 | P7: 4 | Q7: =TBLKEBABSOSIZ[[#This Row],[MODAL SATUAN]]*P7 -> 3684.2105
A8: 7 | B8: KULIT KEBAB 17/18 CM | C8: =VLOOKUP(TBLKEBABSOSIZ[NAMA BAHAN],[2]!TBLREKAPBAHAN[[NAMA BAHAN]:[MODAL SATUAN]],2,FALSE) -> 27000 | D8: =VLOOKUP(TBLKEBABSOSIZ[NAMA BAHAN],[2]!TBLREKAPBAHAN[[NAMA BAHAN]:[MODAL SATUAN]],3,FALSE) -> 20 | E8: =VLOOKUP(TBLKEBABSOSIZ[NAMA BAHAN],[2]!TBLREKAPBAHAN[[NAMA BAHAN]:[MODAL SATUAN]],4,FALSE) -> 1350 | F8: =VLOOKUP(TBLKEBABSOSIZ[NAMA BAHAN],[2]!TBLREKAPBAHAN[[NAMA BAHAN]:[MODAL SATUAN]],4,FALSE) -> 1350 | G8: 1 | H8: =F8*G8 -> 1350 | I8: 1 | J8: =F8*I8 -> 1350 | K8: 1 | L8: =F8*K8 -> 1350 | M8: 1 | N8: =F8*M8 -> 1350 | P8: 1 | Q8: =TBLKEBABSOSIZ[[#This Row],[MODAL SATUAN]]*P8 -> 1350
A9: 8 | B9: SLADA | C9: =VLOOKUP(TBLKEBABSOSIZ[NAMA BAHAN],[2]!TBLREKAPBAHAN[[NAMA BAHAN]:[MODAL SATUAN]],2,FALSE) -> 60000 | D9: =VLOOKUP(TBLKEBABSOSIZ[NAMA BAHAN],[2]!TBLREKAPBAHAN[[NAMA BAHAN]:[MODAL SATUAN]],3,FALSE) -> 50 | E9: =VLOOKUP(TBLKEBABSOSIZ[NAMA BAHAN],[2]!TBLREKAPBAHAN[[NAMA BAHAN]:[MODAL SATUAN]],4,FALSE) -> 1200 | F9: =VLOOKUP(TBLKEBABSOSIZ[NAMA BAHAN],[2]!TBLREKAPBAHAN[[NAMA BAHAN]:[MODAL SATUAN]],4,FALSE) -> 1200 | G9: 1 | H9: =F9*G9 -> 1200 | I9: 1 | J9: =F9*I9 -> 1200 | K9: 0 | L9: =F9*K9 -> 0 | M9: 0 | N9: =F9*M9 -> 0 | P9: 1 | Q9: =TBLKEBABSOSIZ[[#This Row],[MODAL SATUAN]]*P9 -> 1200
A10: 9 | B10: MENTEGA | C10: =VLOOKUP(TBLKEBABSOSIZ[NAMA BAHAN],[2]!TBLREKAPBAHAN[[NAMA BAHAN]:[MODAL SATUAN]],2,FALSE) -> 35000 | D10: =VLOOKUP(TBLKEBABSOSIZ[NAMA BAHAN],[2]!TBLREKAPBAHAN[[NAMA BAHAN]:[MODAL SATUAN]],3,FALSE) -> 1000 | E10: =VLOOKUP(TBLKEBABSOSIZ[NAMA BAHAN],[2]!TBLREKAPBAHAN[[NAMA BAHAN]:[MODAL SATUAN]],4,FALSE) -> 35 | F10: =VLOOKUP(TBLKEBABSOSIZ[NAMA BAHAN],[2]!TBLREKAPBAHAN[[NAMA BAHAN]:[MODAL SATUAN]],4,FALSE) -> 35 | G10: 20 | H10: =F10*G10 -> 700 | I10: 20 | J10: =F10*I10 -> 700 | K10: 20 | L10: =F10*K10 -> 700 | M10: 20 | N10: =F10*M10 -> 700 | P10: 20 | Q10: =TBLKEBABSOSIZ[[#This Row],[MODAL SATUAN]]*P10 -> 700
A11: 10 | B11: GAS ELPIJI | C11: =VLOOKUP(TBLKEBABSOSIZ[NAMA BAHAN],[2]!TBLREKAPBAHAN[[NAMA BAHAN]:[MODAL SATUAN]],2,FALSE) -> 23000 | D11: =VLOOKUP(TBLKEBABSOSIZ[NAMA BAHAN],[2]!TBLREKAPBAHAN[[NAMA BAHAN]:[MODAL SATUAN]],3,FALSE) -> 3000 | E11: =VLOOKUP(TBLKEBABSOSIZ[NAMA BAHAN],[2]!TBLREKAPBAHAN[[NAMA BAHAN]:[MODAL SATUAN]],4,FALSE) -> 7.6666667 | F11: =VLOOKUP(TBLKEBABSOSIZ[NAMA BAHAN],[2]!TBLREKAPBAHAN[[NAMA BAHAN]:[MODAL SATUAN]],4,FALSE) -> 7.6666667 | G11: 20 | H11: =F11*G11 -> 153.33333 | I11: 20 | J11: =F11*I11 -> 153.33333 | K11: 20 | L11: =F11*K11 -> 153.33333 | M11: 20 | N11: =F11*M11 -> 153.33333 | P11: 20 | Q11: =TBLKEBABSOSIZ[[#This Row],[MODAL SATUAN]]*P11 -> 153.33333
A12: 11 | B12: KERTAS KEBAB | C12: =VLOOKUP(TBLKEBABSOSIZ[NAMA BAHAN],[2]!TBLREKAPBAHAN[[NAMA BAHAN]:[MODAL SATUAN]],2,FALSE) -> 25000 | D12: =VLOOKUP(TBLKEBABSOSIZ[NAMA BAHAN],[2]!TBLREKAPBAHAN[[NAMA BAHAN]:[MODAL SATUAN]],3,FALSE) -> 100 | E12: =VLOOKUP(TBLKEBABSOSIZ[NAMA BAHAN],[2]!TBLREKAPBAHAN[[NAMA BAHAN]:[MODAL SATUAN]],4,FALSE) -> 250 | F12: =VLOOKUP(TBLKEBABSOSIZ[NAMA BAHAN],[2]!TBLREKAPBAHAN[[NAMA BAHAN]:[MODAL SATUAN]],4,FALSE) -> 250 | G12: 1 | H12: =F12*G12 -> 250 | I12: 1 | J12: =F12*I12 -> 250 | K12: 1 | L12: =F12*K12 -> 250 | M12: 1 | N12: =F12*M12 -> 250 | P12: 1 | Q12: =TBLKEBABSOSIZ[[#This Row],[MODAL SATUAN]]*P12 -> 250
A13: 12 | B13: KRESEK 10 CM | C13: =VLOOKUP(TBLKEBABSOSIZ[NAMA BAHAN],[2]!TBLREKAPBAHAN[[NAMA BAHAN]:[MODAL SATUAN]],2,FALSE) -> 5500 | D13: =VLOOKUP(TBLKEBABSOSIZ[NAMA BAHAN],[2]!TBLREKAPBAHAN[[NAMA BAHAN]:[MODAL SATUAN]],3,FALSE) -> 100 | E13: =VLOOKUP(TBLKEBABSOSIZ[NAMA BAHAN],[2]!TBLREKAPBAHAN[[NAMA BAHAN]:[MODAL SATUAN]],4,FALSE) -> 55 | F13: =VLOOKUP(TBLKEBABSOSIZ[NAMA BAHAN],[2]!TBLREKAPBAHAN[[NAMA BAHAN]:[MODAL SATUAN]],4,FALSE) -> 55 | G13: 1 | H13: =F13*G13 -> 55 | I13: 1 | J13: =F13*I13 -> 55 | K13: 1 | L13: =F13*K13 -> 55 | M13: 1 | N13: =F13*M13 -> 55 | P13: 1 | Q13: =TBLKEBABSOSIZ[[#This Row],[MODAL SATUAN]]*P13 -> 55
B14: MODAL | H14: =SUM(H2:H13) -> 6730.4386 | J14: =SUM(J2:J13) -> 6740.4386 | L14: =SUM(L2:L13) -> 6451.4912 | N14: =SUM(N2:N13) -> 6461.4912 | Q14: =SUM(Q2:Q13) -> 8782.5439

Sheet KEBAB AYAM
A1: KODE BAHAN | B1: NAMA BAHAN | C1: HARGA KULAK | D1: ISI | E1: SATUAN | F1: HARGA KULAK SATUAN | G1: MODAL SATUAN | H1: KEB. | I1: KEBAB AYAM MEDIUM | J1: KEB.2 | K1: KEBAB AYAM MEDIUM (PEDAS) | L1: KEB.5 | M1: KEBAB AYAM MEDIUM TANPA SAYUR | N1: KEB.6 | O1: KEBAB AYAM MEDIUM TANPA SAYUR PEDAS
A2: 1 | B2: SAOS TOMAT GRAM | C2: =VLOOKUP(TBLKEBABAYAMMEDIUM[NAMA BAHAN],[2]!TBLREKAPBAHAN[[NAMA BAHAN]:[MODAL SATUAN]],2,FALSE) -> 20000 | D2: =VLOOKUP(TBLKEBABAYAMMEDIUM[NAMA BAHAN],[2]!TBLREKAPBAHAN[[NAMA BAHAN]:[MODAL SATUAN]],3,FALSE) -> 1000 | E2: GRAM | F2: =VLOOKUP(TBLKEBABAYAMMEDIUM[NAMA BAHAN],[2]!TBLREKAPBAHAN[[NAMA BAHAN]:[MODAL SATUAN]],4,FALSE) -> 20 | G2: =VLOOKUP(TBLKEBABAYAMMEDIUM[NAMA BAHAN],[2]!TBLREKAPBAHAN[[NAMA BAHAN]:[MODAL SATUAN]],4,FALSE) -> 20 | H2: 15 | I2: =G2*H2 -> 300 | J2: 0 | K2: =G2*J2 -> 0 | L2: 15 | M2: =G2*L2 -> 300 | N2: 15 | O2: =G2*N2 -> 300
A3: 2 | B3: SAOS SAMBAL GRAM | C3: =VLOOKUP(TBLKEBABAYAMMEDIUM[NAMA BAHAN],[2]!TBLREKAPBAHAN[[NAMA BAHAN]:[MODAL SATUAN]],2,FALSE) -> 18000 | D3: =VLOOKUP(TBLKEBABAYAMMEDIUM[NAMA BAHAN],[2]!TBLREKAPBAHAN[[NAMA BAHAN]:[MODAL SATUAN]],3,FALSE) -> 1000 | E3: GRAM | F3: =VLOOKUP(TBLKEBABAYAMMEDIUM[NAMA BAHAN],[2]!TBLREKAPBAHAN[[NAMA BAHAN]:[MODAL SATUAN]],4,FALSE) -> 18 | G3: =VLOOKUP(TBLKEBABAYAMMEDIUM[NAMA BAHAN],[2]!TBLREKAPBAHAN[[NAMA BAHAN]:[MODAL SATUAN]],4,FALSE) -> 18 | H3: 0 | I3: =G3*H3 -> 0 | J3: 25 | K3: =G3*J3 -> 450 | L3: 0 | M3: =G3*L3 -> 0 | N3: 0 | O3: =G3*N3 -> 0
A4: 3 | B4: SAOS BBQ GRAM | C4: =VLOOKUP(TBLKEBABAYAMMEDIUM[NAMA BAHAN],[2]!TBLREKAPBAHAN[[NAMA BAHAN]:[MODAL SATUAN]],2,FALSE) -> 12000 | D4: =VLOOKUP(TBLKEBABAYAMMEDIUM[NAMA BAHAN],[2]!TBLREKAPBAHAN[[NAMA BAHAN]:[MODAL SATUAN]],3,FALSE) -> 250 | E4: GRAM | F4: =VLOOKUP(TBLKEBABAYAMMEDIUM[NAMA BAHAN],[2]!TBLREKAPBAHAN[[NAMA BAHAN]:[MODAL SATUAN]],4,FALSE) -> 48 | G4: =VLOOKUP(TBLKEBABAYAMMEDIUM[NAMA BAHAN],[2]!TBLREKAPBAHAN[[NAMA BAHAN]:[MODAL SATUAN]],4,FALSE) -> 48 | H4: 7 | I4: =G4*H4 -> 336 | J4: 7 | K4: =G4*J4 -> 336 | L4: 7 | M4: =G4*L4 -> 336 | N4: 7 | O4: =G4*N4 -> 336
A5: 4 | B5: MAYONAIS GRAM | C5: =VLOOKUP(TBLKEBABAYAMMEDIUM[NAMA BAHAN],[2]!TBLREKAPBAHAN[[NAMA BAHAN]:[MODAL SATUAN]],2,FALSE) -> 50000 | D5: =VLOOKUP(TBLKEBABAYAMMEDIUM[NAMA BAHAN],[2]!TBLREKAPBAHAN[[NAMA BAHAN]:[MODAL SATUAN]],3,FALSE) -> 1000 | E5: GRAM | F5: =VLOOKUP(TBLKEBABAYAMMEDIUM[NAMA BAHAN],[2]!TBLREKAPBAHAN[[NAMA BAHAN]:[MODAL SATUAN]],4,FALSE) -> 50 | G5: =VLOOKUP(TBLKEBABAYAMMEDIUM[NAMA BAHAN],[2]!TBLREKAPBAHAN[[NAMA BAHAN]:[MODAL SATUAN]],4,FALSE) -> 50 | H5: 15 | I5: =G5*H5 -> 750 | J5: 10 | K5: =G5*J5 -> 500 | L5: 15 | M5: =G5*L5 -> 750 | N5: 15 | O5: =G5*N5 -> 750
A6: 5 | B6: SAOS SPAGHETI GRAM | C6: =VLOOKUP(TBLKEBABAYAMMEDIUM[NAMA BAHAN],[2]!TBLREKAPBAHAN[[NAMA BAHAN]:[MODAL SATUAN]],2,FALSE) -> 12000 | D6: =VLOOKUP(TBLKEBABAYAMMEDIUM[NAMA BAHAN],[2]!TBLREKAPBAHAN[[NAMA BAHAN]:[MODAL SATUAN]],3,FALSE) -> 250 | E6: GRAM | F6: =VLOOKUP(TBLKEBABAYAMMEDIUM[NAMA BAHAN],[2]!TBLREKAPBAHAN[[NAMA BAHAN]:[MODAL SATUAN]],4,FALSE) -> 48 | G6: =VLOOKUP(TBLKEBABAYAMMEDIUM[NAMA BAHAN],[2]!TBLREKAPBAHAN[[NAMA BAHAN]:[MODAL SATUAN]],4,FALSE) -> 48 | H6: 7 | I6: =G6*H6 -> 336 | J6: 7 | K6: =G6*J6 -> 336 | L6: 7 | M6: =G6*L6 -> 336 | N6: 7 | O6: =G6*N6 -> 336
A7: 6 | B7: AYAM SUWIR | C7: =VLOOKUP(TBLKEBABAYAMMEDIUM[NAMA BAHAN],[2]!TBLREKAPBAHAN[[NAMA BAHAN]:[MODAL SATUAN]],2,FALSE) -> 45000 | D7: =VLOOKUP(TBLKEBABAYAMMEDIUM[NAMA BAHAN],[2]!TBLREKAPBAHAN[[NAMA BAHAN]:[MODAL SATUAN]],3,FALSE) -> 400 | E7: GRAM | F7: =VLOOKUP(TBLKEBABAYAMMEDIUM[NAMA BAHAN],[2]!TBLREKAPBAHAN[[NAMA BAHAN]:[MODAL SATUAN]],4,FALSE) -> 112.5 | G7: =VLOOKUP(TBLKEBABAYAMMEDIUM[NAMA BAHAN],[2]!TBLREKAPBAHAN[[NAMA BAHAN]:[MODAL SATUAN]],4,FALSE) -> 112.5 | H7: 30 | I7: =G7*H7 -> 3375 | J7: 30 | K7: =G7*J7 -> 3375 | L7: 35 | M7: =G7*L7 -> 3937.5 | N7: 35 | O7: =G7*N7 -> 3937.5
A8: 7 | B8: KULIT KEBAB 19/20 CM | C8: =VLOOKUP(TBLKEBABAYAMMEDIUM[NAMA BAHAN],[2]!TBLREKAPBAHAN[[NAMA BAHAN]:[MODAL SATUAN]],2,FALSE) -> 29000 | D8: =VLOOKUP(TBLKEBABAYAMMEDIUM[NAMA BAHAN],[2]!TBLREKAPBAHAN[[NAMA BAHAN]:[MODAL SATUAN]],3,FALSE) -> 20 | E8: LEMBAR | F8: =VLOOKUP(TBLKEBABAYAMMEDIUM[NAMA BAHAN],[2]!TBLREKAPBAHAN[[NAMA BAHAN]:[MODAL SATUAN]],4,FALSE) -> 1450 | G8: =VLOOKUP(TBLKEBABAYAMMEDIUM[NAMA BAHAN],[2]!TBLREKAPBAHAN[[NAMA BAHAN]:[MODAL SATUAN]],4,FALSE) -> 1450 | H8: 1 | I8: =G8*H8 -> 1450 | J8: 1 | K8: =G8*J8 -> 1450 | L8: 1 | M8: =G8*L8 -> 1450 | N8: 1 | O8: =G8*N8 -> 1450
A9: 8 | B9: SLADA | C9: =VLOOKUP(TBLKEBABAYAMMEDIUM[NAMA BAHAN],[2]!TBLREKAPBAHAN[[NAMA BAHAN]:[MODAL SATUAN]],2,FALSE) -> 60000 | D9: =VLOOKUP(TBLKEBABAYAMMEDIUM[NAMA BAHAN],[2]!TBLREKAPBAHAN[[NAMA BAHAN]:[MODAL SATUAN]],3,FALSE) -> 50 | E9: PORSI | F9: =VLOOKUP(TBLKEBABAYAMMEDIUM[NAMA BAHAN],[2]!TBLREKAPBAHAN[[NAMA BAHAN]:[MODAL SATUAN]],4,FALSE) -> 1200 | G9: =VLOOKUP(TBLKEBABAYAMMEDIUM[NAMA BAHAN],[2]!TBLREKAPBAHAN[[NAMA BAHAN]:[MODAL SATUAN]],4,FALSE) -> 1200 | H9: 1 | I9: =G9*H9 -> 1200 | J9: 1 | K9: =G9*J9 -> 1200 | L9: 0 | M9: =G9*L9 -> 0 | N9: 0 | O9: =G9*N9 -> 0
A10: 9 | B10: MENTEGA | C10: =VLOOKUP(TBLKEBABAYAMMEDIUM[NAMA BAHAN],[2]!TBLREKAPBAHAN[[NAMA BAHAN]:[MODAL SATUAN]],2,FALSE) -> 35000 | D10: =VLOOKUP(TBLKEBABAYAMMEDIUM[NAMA BAHAN],[2]!TBLREKAPBAHAN[[NAMA BAHAN]:[MODAL SATUAN]],3,FALSE) -> 1000 | E10: GRAM | F10: =VLOOKUP(TBLKEBABAYAMMEDIUM[NAMA BAHAN],[2]!TBLREKAPBAHAN[[NAMA BAHAN]:[MODAL SATUAN]],4,FALSE) -> 35 | G10: =VLOOKUP(TBLKEBABAYAMMEDIUM[NAMA BAHAN],[2]!TBLREKAPBAHAN[[NAMA BAHAN]:[MODAL SATUAN]],4,FALSE) -> 35 | H10: 10 | I10: =G10*H10 -> 350 | J10: 10 | K10: =G10*J10 -> 350 | L10: 10 | M10: =G10*L10 -> 350 | N10: 10 | O10: =G10*N10 -> 350
A11: 10 | B11: GAS ELPIJI | C11: =VLOOKUP(TBLKEBABAYAMMEDIUM[NAMA BAHAN],[2]!TBLREKAPBAHAN[[NAMA BAHAN]:[MODAL SATUAN]],2,FALSE) -> 23000 | D11: =VLOOKUP(TBLKEBABAYAMMEDIUM[NAMA BAHAN],[2]!TBLREKAPBAHAN[[NAMA BAHAN]:[MODAL SATUAN]],3,FALSE) -> 3000 | E11: GRAM | F11: =VLOOKUP(TBLKEBABAYAMMEDIUM[NAMA BAHAN],[2]!TBLREKAPBAHAN[[NAMA BAHAN]:[MODAL SATUAN]],4,FALSE) -> 7.6666667 | G11: =VLOOKUP(TBLKEBABAYAMMEDIUM[NAMA BAHAN],[2]!TBLREKAPBAHAN[[NAMA BAHAN]:[MODAL SATUAN]],4,FALSE) -> 7.6666667 | H11: 10 | I11: =G11*H11 -> 76.666667 | J11: 10 | K11: =G11*J11 -> 76.666667 | L11: 10 | M11: =G11*L11 -> 76.666667 | N11: 10 | O11: =G11*N11 -> 76.666667
A12: 11 | B12: KERTAS KEBAB | C12: =VLOOKUP(TBLKEBABAYAMMEDIUM[NAMA BAHAN],[2]!TBLREKAPBAHAN[[NAMA BAHAN]:[MODAL SATUAN]],2,FALSE) -> 25000 | D12: =VLOOKUP(TBLKEBABAYAMMEDIUM[NAMA BAHAN],[2]!TBLREKAPBAHAN[[NAMA BAHAN]:[MODAL SATUAN]],3,FALSE) -> 100 | E12: BIJI | F12: =VLOOKUP(TBLKEBABAYAMMEDIUM[NAMA BAHAN],[2]!TBLREKAPBAHAN[[NAMA BAHAN]:[MODAL SATUAN]],4,FALSE) -> 250 | G12: =VLOOKUP(TBLKEBABAYAMMEDIUM[NAMA BAHAN],[2]!TBLREKAPBAHAN[[NAMA BAHAN]:[MODAL SATUAN]],4,FALSE) -> 250 | H12: 1 | I12: =G12*H12 -> 250 | J12: 1 | K12: =G12*J12 -> 250 | L12: 1 | M12: =G12*L12 -> 250 | N12: 1 | O12: =G12*N12 -> 250
A13: 12 | B13: KRESEK 10 CM | C13: =VLOOKUP(TBLKEBABAYAMMEDIUM[NAMA BAHAN],[2]!TBLREKAPBAHAN[[NAMA BAHAN]:[MODAL SATUAN]],2,FALSE) -> 5500 | D13: =VLOOKUP(TBLKEBABAYAMMEDIUM[NAMA BAHAN],[2]!TBLREKAPBAHAN[[NAMA BAHAN]:[MODAL SATUAN]],3,FALSE) -> 100 | E13: BIJI | F13: =VLOOKUP(TBLKEBABAYAMMEDIUM[NAMA BAHAN],[2]!TBLREKAPBAHAN[[NAMA BAHAN]:[MODAL SATUAN]],4,FALSE) -> 55 | G13: =VLOOKUP(TBLKEBABAYAMMEDIUM[NAMA BAHAN],[2]!TBLREKAPBAHAN[[NAMA BAHAN]:[MODAL SATUAN]],4,FALSE) -> 55 | H13: 1 | I13: =G13*H13 -> 55 | J13: 1 | K13: =G13*J13 -> 55 | L13: 1 | M13: =G13*L13 -> 55 | N13: 1 | O13: =G13*N13 -> 55
B14: MODAL | I14: =SUM(I2:I13) -> 8478.6667 | K14: =SUM(K2:K13) -> 8378.6667 | M14: =SUM(M2:M13) -> 7841.1667 | O14: =SUM(O2:O13) -> 7841.1667
A25: KODE BAHAN | B25: NAMA BAHAN | C25: HARGA KULAK | D25: ISI | E25: SATUAN | F25: HARGA KULAK SATUAN | G25: MODAL SATUAN | H25: KEB. | I25: KEBAB AYAM MINI | J25: KEB.2 | K25: KEBAB AYAM MINI (PEDAS) | L25: KEB.5 | M25: KEBAB AYAM MINI TANPA SAYUR | N25: KEB.6 | O25: KEBAB AYAM MINI TANPA SAYUR PEDAS
A26: 1 | B26: SAOS TOMAT GRAM | C26: =VLOOKUP(TBLKEBABAYAMMINI[NAMA BAHAN],[2]!TBLREKAPBAHAN[[NAMA BAHAN]:[MODAL SATUAN]],2,FALSE) -> 20000 | D26: =VLOOKUP(TBLKEBABAYAMMINI[NAMA BAHAN],[2]!TBLREKAPBAHAN[[NAMA BAHAN]:[MODAL SATUAN]],3,FALSE) -> 1000 | E26: GRAM | F26: =VLOOKUP(TBLKEBABAYAMMINI[NAMA BAHAN],[2]!TBLREKAPBAHAN[[NAMA BAHAN]:[MODAL SATUAN]],4,FALSE) -> 20 | G26: =VLOOKUP(TBLKEBABAYAMMINI[NAMA BAHAN],[2]!TBLREKAPBAHAN[[NAMA BAHAN]:[MODAL SATUAN]],4,FALSE) -> 20 | H26: 10 | I26: =G26*H26 -> 200 | J26: 0 | K26: =G26*J26 -> 0 | L26: 10 | M26: =G26*L26 -> 200 | N26: 0 | O26: =G26*N26 -> 0
A27: 2 | B27: SAOS SAMBAL GRAM | C27: =VLOOKUP(TBLKEBABAYAMMINI[NAMA BAHAN],[2]!TBLREKAPBAHAN[[NAMA BAHAN]:[MODAL SATUAN]],2,FALSE) -> 18000 | D27: =VLOOKUP(TBLKEBABAYAMMINI[NAMA BAHAN],[2]!TBLREKAPBAHAN[[NAMA BAHAN]:[MODAL SATUAN]],3,FALSE) -> 1000 | E27: GRAM | F27: =VLOOKUP(TBLKEBABAYAMMINI[NAMA BAHAN],[2]!TBLREKAPBAHAN[[NAMA BAHAN]:[MODAL SATUAN]],4,FALSE) -> 18 | G27: =VLOOKUP(TBLKEBABAYAMMINI[NAMA BAHAN],[2]!TBLREKAPBAHAN[[NAMA BAHAN]:[MODAL SATUAN]],4,FALSE) -> 18 | H27: 0 | I27: =G27*H27 -> 0 | J27: 25 | K27: =G27*J27 -> 450 | L27: 0 | M27: =G27*L27 -> 0 | N27: 25 | O27: =G27*N27 -> 450
A28: 3 | B28: SAOS BBQ GRAM | C28: =VLOOKUP(TBLKEBABAYAMMINI[NAMA BAHAN],[2]!TBLREKAPBAHAN[[NAMA BAHAN]:[MODAL SATUAN]],2,FALSE) -> 12000 | D28: =VLOOKUP(TBLKEBABAYAMMINI[NAMA BAHAN],[2]!TBLREKAPBAHAN[[NAMA BAHAN]:[MODAL SATUAN]],3,FALSE) -> 250 | E28: GRAM | F28: =VLOOKUP(TBLKEBABAYAMMINI[NAMA BAHAN],[2]!TBLREKAPBAHAN[[NAMA BAHAN]:[MODAL SATUAN]],4,FALSE) -> 48 | G28: =VLOOKUP(TBLKEBABAYAMMINI[NAMA BAHAN],[2]!TBLREKAPBAHAN[[NAMA BAHAN]:[MODAL SATUAN]],4,FALSE) -> 48 | H28: 5 | I28: =G28*H28 -> 240 | J28: 7 | K28: =G28*J28 -> 336 | L28: 5 | M28: =G28*L28 -> 240 | N28: 7 | O28: =G28*N28 -> 336
A29: 4 | B29: MAYONAIS GRAM | C29: =VLOOKUP(TBLKEBABAYAMMINI[NAMA BAHAN],[2]!TBLREKAPBAHAN[[NAMA BAHAN]:[MODAL SATUAN]],2,FALSE) -> 50000 | D29: =VLOOKUP(TBLKEBABAYAMMINI[NAMA BAHAN],[2]!TBLREKAPBAHAN[[NAMA BAHAN]:[MODAL SATUAN]],3,FALSE) -> 1000 | E29: GRAM | F29: =VLOOKUP(TBLKEBABAYAMMINI[NAMA BAHAN],[2]!TBLREKAPBAHAN[[NAMA BAHAN]:[MODAL SATUAN]],4,FALSE) -> 50 | G29: =VLOOKUP(TBLKEBABAYAMMINI[NAMA BAHAN],[2]!TBLREKAPBAHAN[[NAMA BAHAN]:[MODAL SATUAN]],4,FALSE) -> 50 | H29: 10 | I29: =G29*H29 -> 500 | J29: 10 | K29: =G29*J29 -> 500 | L29: 10 | M29: =G29*L29 -> 500 | N29: 10 | O29: =G29*N29 -> 500
A30: 5 | B30: SAOS SPAGHETI GRAM | C30: =VLOOKUP(TBLKEBABAYAMMINI[NAMA BAHAN],[2]!TBLREKAPBAHAN[[NAMA BAHAN]:[MODAL SATUAN]],2,FALSE) -> 12000 | D30: =VLOOKUP(TBLKEBABAYAMMINI[NAMA BAHAN],[2]!TBLREKAPBAHAN[[NAMA BAHAN]:[MODAL SATUAN]],3,FALSE) -> 250 | E30: GRAM | F30: =VLOOKUP(TBLKEBABAYAMMINI[NAMA BAHAN],[2]!TBLREKAPBAHAN[[NAMA BAHAN]:[MODAL SATUAN]],4,FALSE) -> 48 | G30: =VLOOKUP(TBLKEBABAYAMMINI[NAMA BAHAN],[2]!TBLREKAPBAHAN[[NAMA BAHAN]:[MODAL SATUAN]],4,FALSE) -> 48 | H30: 5 | I30: =G30*H30 -> 240 | J30: 5 | K30: =G30*J30 -> 240 | L30: 5 | M30: =G30*L30 -> 240 | N30: 5 | O30: =G30*N30 -> 240
A31: 6 | B31: AYAM SUWIR | C31: =VLOOKUP(TBLKEBABAYAMMINI[NAMA BAHAN],[2]!TBLREKAPBAHAN[[NAMA BAHAN]:[MODAL SATUAN]],2,FALSE) -> 45000 | D31: =VLOOKUP(TBLKEBABAYAMMINI[NAMA BAHAN],[2]!TBLREKAPBAHAN[[NAMA BAHAN]:[MODAL SATUAN]],3,FALSE) -> 400 | E31: GRAM | F31: =VLOOKUP(TBLKEBABAYAMMINI[NAMA BAHAN],[2]!TBLREKAPBAHAN[[NAMA BAHAN]:[MODAL SATUAN]],4,FALSE) -> 112.5 | G31: =VLOOKUP(TBLKEBABAYAMMINI[NAMA BAHAN],[2]!TBLREKAPBAHAN[[NAMA BAHAN]:[MODAL SATUAN]],4,FALSE) -> 112.5 | H31: 20 | I31: =G31*H31 -> 2250 | J31: 20 | K31: =G31*J31 -> 2250 | L31: 25 | M31: =G31*L31 -> 2812.5 | N31: 25 | O31: =G31*N31 -> 2812.5
A32: 7 | B32: KULIT KEBAB 17/18 CM | C32: =VLOOKUP(TBLKEBABAYAMMINI[NAMA BAHAN],[2]!TBLREKAPBAHAN[[NAMA BAHAN]:[MODAL SATUAN]],2,FALSE) -> 27000 | D32: =VLOOKUP(TBLKEBABAYAMMINI[NAMA BAHAN],[2]!TBLREKAPBAHAN[[NAMA BAHAN]:[MODAL SATUAN]],3,FALSE) -> 20 | E32: LEMBAR | F32: =VLOOKUP(TBLKEBABAYAMMINI[NAMA BAHAN],[2]!TBLREKAPBAHAN[[NAMA BAHAN]:[MODAL SATUAN]],4,FALSE) -> 1350 | G32: =VLOOKUP(TBLKEBABAYAMMINI[NAMA BAHAN],[2]!TBLREKAPBAHAN[[NAMA BAHAN]:[MODAL SATUAN]],4,FALSE) -> 1350 | H32: 1 | I32: =G32*H32 -> 1350 | J32: 1 | K32: =G32*J32 -> 1350 | L32: 1 | M32: =G32*L32 -> 1350 | N32: 1 | O32: =G32*N32 -> 1350
A33: 8 | B33: SLADA | C33: =VLOOKUP(TBLKEBABAYAMMINI[NAMA BAHAN],[2]!TBLREKAPBAHAN[[NAMA BAHAN]:[MODAL SATUAN]],2,FALSE) -> 60000 | D33: =VLOOKUP(TBLKEBABAYAMMINI[NAMA BAHAN],[2]!TBLREKAPBAHAN[[NAMA BAHAN]:[MODAL SATUAN]],3,FALSE) -> 50 | E33: PORSI | F33: =VLOOKUP(TBLKEBABAYAMMINI[NAMA BAHAN],[2]!TBLREKAPBAHAN[[NAMA BAHAN]:[MODAL SATUAN]],4,FALSE) -> 1200 | G33: =VLOOKUP(TBLKEBABAYAMMINI[NAMA BAHAN],[2]!TBLREKAPBAHAN[[NAMA BAHAN]:[MODAL SATUAN]],4,FALSE) -> 1200 | H33: 1 | I33: =G33*H33 -> 1200 | J33: 1 | K33: =G33*J33 -> 1200 | L33: 0 | M33: =G33*L33 -> 0 | N33: 0 | O33: =G33*N33 -> 0
A34: 9 | B34: MENTEGA | C34: =VLOOKUP(TBLKEBABAYAMMINI[NAMA BAHAN],[2]!TBLREKAPBAHAN[[NAMA BAHAN]:[MODAL SATUAN]],2,FALSE) -> 35000 | D34: =VLOOKUP(TBLKEBABAYAMMINI[NAMA BAHAN],[2]!TBLREKAPBAHAN[[NAMA BAHAN]:[MODAL SATUAN]],3,FALSE) -> 1000 | E34: GRAM | F34: =VLOOKUP(TBLKEBABAYAMMINI[NAMA BAHAN],[2]!TBLREKAPBAHAN[[NAMA BAHAN]:[MODAL SATUAN]],4,FALSE) -> 35 | G34: =VLOOKUP(TBLKEBABAYAMMINI[NAMA BAHAN],[2]!TBLREKAPBAHAN[[NAMA BAHAN]:[MODAL SATUAN]],4,FALSE) -> 35 | H34: 10 | I34: =G34*H34 -> 350 | J34: 10 | K34: =G34*J34 -> 350 | L34: 10 | M34: =G34*L34 -> 350 | N34: 10 | O34: =G34*N34 -> 350
A35: 10 | B35: GAS ELPIJI | C35: =VLOOKUP(TBLKEBABAYAMMINI[NAMA BAHAN],[2]!TBLREKAPBAHAN[[NAMA BAHAN]:[MODAL SATUAN]],2,FALSE) -> 23000 | D35: =VLOOKUP(TBLKEBABAYAMMINI[NAMA BAHAN],[2]!TBLREKAPBAHAN[[NAMA BAHAN]:[MODAL SATUAN]],3,FALSE) -> 3000 | E35: GRAM | F35: =VLOOKUP(TBLKEBABAYAMMINI[NAMA BAHAN],[2]!TBLREKAPBAHAN[[NAMA BAHAN]:[MODAL SATUAN]],4,FALSE) -> 7.6666667 | G35: =VLOOKUP(TBLKEBABAYAMMINI[NAMA BAHAN],[2]!TBLREKAPBAHAN[[NAMA BAHAN]:[MODAL SATUAN]],4,FALSE) -> 7.6666667 | H35: 10 | I35: =G35*H35 -> 76.666667 | J35: 10 | K35: =G35*J35 -> 76.666667 | L35: 10 | M35: =G35*L35 -> 76.666667 | N35: 10 | O35: =G35*N35 -> 76.666667
A36: 11 | B36: KERTAS KEBAB | C36: =VLOOKUP(TBLKEBABAYAMMINI[NAMA BAHAN],[2]!TBLREKAPBAHAN[[NAMA BAHAN]:[MODAL SATUAN]],2,FALSE) -> 25000 | D36: =VLOOKUP(TBLKEBABAYAMMINI[NAMA BAHAN],[2]!TBLREKAPBAHAN[[NAMA BAHAN]:[MODAL SATUAN]],3,FALSE) -> 100 | E36: BIJI | F36: =VLOOKUP(TBLKEBABAYAMMINI[NAMA BAHAN],[2]!TBLREKAPBAHAN[[NAMA BAHAN]:[MODAL SATUAN]],4,FALSE) -> 250 | G36: =VLOOKUP(TBLKEBABAYAMMINI[NAMA BAHAN],[2]!TBLREKAPBAHAN[[NAMA BAHAN]:[MODAL SATUAN]],4,FALSE) -> 250 | H36: 1 | I36: =G36*H36 -> 250 | J36: 1 | K36: =G36*J36 -> 250 | L36: 1 | M36: =G36*L36 -> 250 | N36: 1 | O36: =G36*N36 -> 250
A37: 12 | B37: KRESEK 10 CM | C37: =VLOOKUP(TBLKEBABAYAMMINI[NAMA BAHAN],[2]!TBLREKAPBAHAN[[NAMA BAHAN]:[MODAL SATUAN]],2,FALSE) -> 5500 | D37: =VLOOKUP(TBLKEBABAYAMMINI[NAMA BAHAN],[2]!TBLREKAPBAHAN[[NAMA BAHAN]:[MODAL SATUAN]],3,FALSE) -> 100 | E37: BIJI | F37: =VLOOKUP(TBLKEBABAYAMMINI[NAMA BAHAN],[2]!TBLREKAPBAHAN[[NAMA BAHAN]:[MODAL SATUAN]],4,FALSE) -> 55 | G37: =VLOOKUP(TBLKEBABAYAMMINI[NAMA BAHAN],[2]!TBLREKAPBAHAN[[NAMA BAHAN]:[MODAL SATUAN]],4,FALSE) -> 55 | H37: 1 | I37: =G37*H37 -> 55 | J37: 1 | K37: =G37*J37 -> 55 | L37: 1 | M37: =G37*L37 -> 55 | N37: 1 | O37: =G37*N37 -> 55
B38: MODAL | I38: =SUM(I26:I37) -> 6711.6667 | K38: =SUM(K26:K37) -> 7057.6667 | M38: =SUM(M26:M37) -> 6074.1667 | O38: =SUM(O26:O37) -> 6420.1667

Sheet KEBAB AYAM + SOSIZ (KECIL)
A1: KODE BAHAN | B1: NAMA BAHAN | C1: HARGA KULAK | D1: ISI | E1: SATUAN | F1: HARGA KULAK SATUAN | G1: MODAL SATUAN | H1: KEB. | I1: KEBAB AYAM + SOSIZ | J1: KEB.2 | K1: KEBAB AYAM + SOSIZ (PEDAS) | L1: KEB.3 | M1: KEBAB AYAM + SOSIZ TANPA SAYUR (AYAM EKSTRA) | N1: KEB.4 | O1: KEBAB AYAM + SOSIZ TANPA SAYUR (SOSIZ EKSTRA)
A2: 1 | B2: SAOS TOMAT GRAM | C2: =VLOOKUP(TBLKEBABSOSYAMKECIL[NAMA BAHAN],[2]!TBLREKAPBAHAN[[NAMA BAHAN]:[MODAL SATUAN]],2,FALSE) -> 20000 | D2: =VLOOKUP(TBLKEBABSOSYAMKECIL[NAMA BAHAN],[2]!TBLREKAPBAHAN[[NAMA BAHAN]:[MODAL SATUAN]],3,FALSE) -> 1000 | E2: GRAM | F2: =VLOOKUP(TBLKEBABSOSYAMKECIL[NAMA BAHAN],[2]!TBLREKAPBAHAN[[NAMA BAHAN]:[MODAL SATUAN]],4,FALSE) -> 20 | G2: =VLOOKUP(TBLKEBABSOSYAMKECIL[NAMA BAHAN],[2]!TBLREKAPBAHAN[[NAMA BAHAN]:[MODAL SATUAN]],4,FALSE) -> 20 | H2: 10 | I2: =G2*H2 -> 200 | J2: 0 | K2: =G2*J2 -> 0 | L2: 10 | M2: =G2*L2 -> 200 | N2: 10 | O2: =G2*N2 -> 200
A3: 2 | B3: SAOS SAMBAL GRAM | C3: =VLOOKUP(TBLKEBABSOSYAMKECIL[NAMA BAHAN],[2]!TBLREKAPBAHAN[[NAMA BAHAN]:[MODAL SATUAN]],2,FALSE) -> 18000 | D3: =VLOOKUP(TBLKEBABSOSYAMKECIL[NAMA BAHAN],[2]!TBLREKAPBAHAN[[NAMA BAHAN]:[MODAL SATUAN]],3,FALSE) -> 1000 | E3: GRAM | F3: =VLOOKUP(TBLKEBABSOSYAMKECIL[NAMA BAHAN],[2]!TBLREKAPBAHAN[[NAMA BAHAN]:[MODAL SATUAN]],4,FALSE) -> 18 | G3: =VLOOKUP(TBLKEBABSOSYAMKECIL[NAMA BAHAN],[2]!TBLREKAPBAHAN[[NAMA BAHAN]:[MODAL SATUAN]],4,FALSE) -> 18 | H3: 0 | I3: =G3*H3 -> 0 | J3: 15 | K3: =G3*J3 -> 270 | L3: 0 | M3: =G3*L3 -> 0 | N3: 0 | O3: =G3*N3 -> 0
A4: 3 | B4: SAOS BBQ GRAM | C4: =VLOOKUP(TBLKEBABSOSYAMKECIL[NAMA BAHAN],[2]!TBLREKAPBAHAN[[NAMA BAHAN]:[MODAL SATUAN]],2,FALSE) -> 12000 | D4: =VLOOKUP(TBLKEBABSOSYAMKECIL[NAMA BAHAN],[2]!TBLREKAPBAHAN[[NAMA BAHAN]:[MODAL SATUAN]],3,FALSE) -> 250 | E4: GRAM | F4: =VLOOKUP(TBLKEBABSOSYAMKECIL[NAMA BAHAN],[2]!TBLREKAPBAHAN[[NAMA BAHAN]:[MODAL SATUAN]],4,FALSE) -> 48 | G4: =VLOOKUP(TBLKEBABSOSYAMKECIL[NAMA BAHAN],[2]!TBLREKAPBAHAN[[NAMA BAHAN]:[MODAL SATUAN]],4,FALSE) -> 48 | H4: 5 | I4: =G4*H4 -> 240 | J4: 5 | K4: =G4*J4 -> 240 | L4: 5 | M4: =G4*L4 -> 240 | N4: 5 | O4: =G4*N4 -> 240
A5: 4 | B5: MAYONAIS GRAM | C5: =VLOOKUP(TBLKEBABSOSYAMKECIL[NAMA BAHAN],[2]!TBLREKAPBAHAN[[NAMA BAHAN]:[MODAL SATUAN]],2,FALSE) -> 50000 | D5: =VLOOKUP(TBLKEBABSOSYAMKECIL[NAMA BAHAN],[2]!TBLREKAPBAHAN[[NAMA BAHAN]:[MODAL SATUAN]],3,FALSE) -> 1000 | E5: GRAM | F5: =VLOOKUP(TBLKEBABSOSYAMKECIL[NAMA BAHAN],[2]!TBLREKAPBAHAN[[NAMA BAHAN]:[MODAL SATUAN]],4,FALSE) -> 50 | G5: =VLOOKUP(TBLKEBABSOSYAMKECIL[NAMA BAHAN],[2]!TBLREKAPBAHAN[[NAMA BAHAN]:[MODAL SATUAN]],4,FALSE) -> 50 | H5: 7 | I5: =G5*H5 -> 350 | J5: 7 | K5: =G5*J5 -> 350 | L5: 10 | M5: =G5*L5 -> 500 | N5: 10 | O5: =G5*N5 -> 500
A6: 5 | B6: SAOS SPAGHETI GRAM | C6: =VLOOKUP(TBLKEBABSOSYAMKECIL[NAMA BAHAN],[2]!TBLREKAPBAHAN[[NAMA BAHAN]:[MODAL SATUAN]],2,FALSE) -> 12000 | D6: =VLOOKUP(TBLKEBABSOSYAMKECIL[NAMA BAHAN],[2]!TBLREKAPBAHAN[[NAMA BAHAN]:[MODAL SATUAN]],3,FALSE) -> 250 | E6: GRAM | F6: =VLOOKUP(TBLKEBABSOSYAMKECIL[NAMA BAHAN],[2]!TBLREKAPBAHAN[[NAMA BAHAN]:[MODAL SATUAN]],4,FALSE) -> 48 | G6: =VLOOKUP(TBLKEBABSOSYAMKECIL[NAMA BAHAN],[2]!TBLREKAPBAHAN[[NAMA BAHAN]:[MODAL SATUAN]],4,FALSE) -> 48 | H6: 5 | I6: =G6*H6 -> 240 | J6: 5 | K6: =G6*J6 -> 240 | L6: 5 | M6: =G6*L6 -> 240 | N6: 5 | O6: =G6*N6 -> 240
A7: 6 | B7: SOSIZ BATANG | C7: =VLOOKUP(TBLKEBABSOSYAMKECIL[NAMA BAHAN],[2]!TBLREKAPBAHAN[[NAMA BAHAN]:[MODAL SATUAN]],2,FALSE) -> 35000 | D7: =VLOOKUP(TBLKEBABSOSYAMKECIL[NAMA BAHAN],[2]!TBLREKAPBAHAN[[NAMA BAHAN]:[MODAL SATUAN]],3,FALSE) -> 38 | E7: BATANG | F7: =VLOOKUP(TBLKEBABSOSYAMKECIL[NAMA BAHAN],[2]!TBLREKAPBAHAN[[NAMA BAHAN]:[MODAL SATUAN]],4,FALSE) -> 921.05263 | G7: =VLOOKUP(TBLKEBABSOSYAMKECIL[NAMA BAHAN],[2]!TBLREKAPBAHAN[[NAMA BAHAN]:[MODAL SATUAN]],4,FALSE) -> 921.05263 | H7: 0.5 | I7: =G7*H7 -> 460.52632 | J7: 0.5 | K7: =G7*J7 -> 460.52632 | L7: 0.5 | M7: =G7*L7 -> 460.52632 | N7: 1 | O7: =G7*N7 -> 921.05263
A8: 7 | B8: AYAM SUWIR | C8: =VLOOKUP(TBLKEBABSOSYAMKECIL[NAMA BAHAN],[2]!TBLREKAPBAHAN[[NAMA BAHAN]:[MODAL SATUAN]],2,FALSE) -> 45000 | D8: =VLOOKUP(TBLKEBABSOSYAMKECIL[NAMA BAHAN],[2]!TBLREKAPBAHAN[[NAMA BAHAN]:[MODAL SATUAN]],3,FALSE) -> 400 | E8: GRAM | F8: =VLOOKUP(TBLKEBABSOSYAMKECIL[NAMA BAHAN],[2]!TBLREKAPBAHAN[[NAMA BAHAN]:[MODAL SATUAN]],4,FALSE) -> 112.5 | G8: =VLOOKUP(TBLKEBABSOSYAMKECIL[NAMA BAHAN],[2]!TBLREKAPBAHAN[[NAMA BAHAN]:[MODAL SATUAN]],4,FALSE) -> 112.5 | H8: 12 | I8: =G8*H8 -> 1350 | J8: 12 | K8: =G8*J8 -> 1350 | L8: 20 | M8: =G8*L8 -> 2250 | N8: 15 | O8: =G8*N8 -> 1687.5
A9: 8 | B9: KULIT KEBAB 17/18 CM | C9: =VLOOKUP(TBLKEBABSOSYAMKECIL[NAMA BAHAN],[2]!TBLREKAPBAHAN[[NAMA BAHAN]:[MODAL SATUAN]],2,FALSE) -> 27000 | D9: =VLOOKUP(TBLKEBABSOSYAMKECIL[NAMA BAHAN],[2]!TBLREKAPBAHAN[[NAMA BAHAN]:[MODAL SATUAN]],3,FALSE) -> 20 | E9: LEMBAR | F9: =VLOOKUP(TBLKEBABSOSYAMKECIL[NAMA BAHAN],[2]!TBLREKAPBAHAN[[NAMA BAHAN]:[MODAL SATUAN]],4,FALSE) -> 1350 | G9: =VLOOKUP(TBLKEBABSOSYAMKECIL[NAMA BAHAN],[2]!TBLREKAPBAHAN[[NAMA BAHAN]:[MODAL SATUAN]],4,FALSE) -> 1350 | H9: 1 | I9: =G9*H9 -> 1350 | J9: 1 | K9: =G9*J9 -> 1350 | L9: 1 | M9: =G9*L9 -> 1350 | N9: 1 | O9: =G9*N9 -> 1350
A10: 9 | B10: SLADA | C10: =VLOOKUP(TBLKEBABSOSYAMKECIL[NAMA BAHAN],[2]!TBLREKAPBAHAN[[NAMA BAHAN]:[MODAL SATUAN]],2,FALSE) -> 60000 | D10: =VLOOKUP(TBLKEBABSOSYAMKECIL[NAMA BAHAN],[2]!TBLREKAPBAHAN[[NAMA BAHAN]:[MODAL SATUAN]],3,FALSE) -> 50 | E10: PORSI | F10: =VLOOKUP(TBLKEBABSOSYAMKECIL[NAMA BAHAN],[2]!TBLREKAPBAHAN[[NAMA BAHAN]:[MODAL SATUAN]],4,FALSE) -> 1200 | G10: =VLOOKUP(TBLKEBABSOSYAMKECIL[NAMA BAHAN],[2]!TBLREKAPBAHAN[[NAMA BAHAN]:[MODAL SATUAN]],4,FALSE) -> 1200 | H10: 1 | I10: =G10*H10 -> 1200 | J10: 1 | K10: =G10*J10 -> 1200 | L10: 0 | M10: =G10*L10 -> 0 | N10: 0 | O10: =G10*N10 -> 0
A11: 10 | B11: MENTEGA | C11: =VLOOKUP(TBLKEBABSOSYAMKECIL[NAMA BAHAN],[2]!TBLREKAPBAHAN[[NAMA BAHAN]:[MODAL SATUAN]],2,FALSE) -> 35000 | D11: =VLOOKUP(TBLKEBABSOSYAMKECIL[NAMA BAHAN],[2]!TBLREKAPBAHAN[[NAMA BAHAN]:[MODAL SATUAN]],3,FALSE) -> 1000 | E11: GRAM | F11: =VLOOKUP(TBLKEBABSOSYAMKECIL[NAMA BAHAN],[2]!TBLREKAPBAHAN[[NAMA BAHAN]:[MODAL SATUAN]],4,FALSE) -> 35 | G11: =VLOOKUP(TBLKEBABSOSYAMKECIL[NAMA BAHAN],[2]!TBLREKAPBAHAN[[NAMA BAHAN]:[MODAL SATUAN]],4,FALSE) -> 35 | H11: 10 | I11: =G11*H11 -> 350 | J11: 10 | K11: =G11*J11 -> 350 | L11: 10 | M11: =G11*L11 -> 350 | N11: 10 | O11: =G11*N11 -> 350
A12: 11 | B12: GAS ELPIJI | C12: =VLOOKUP(TBLKEBABSOSYAMKECIL[NAMA BAHAN],[2]!TBLREKAPBAHAN[[NAMA BAHAN]:[MODAL SATUAN]],2,FALSE) -> 23000 | D12: =VLOOKUP(TBLKEBABSOSYAMKECIL[NAMA BAHAN],[2]!TBLREKAPBAHAN[[NAMA BAHAN]:[MODAL SATUAN]],3,FALSE) -> 3000 | E12: GRAM | F12: =VLOOKUP(TBLKEBABSOSYAMKECIL[NAMA BAHAN],[2]!TBLREKAPBAHAN[[NAMA BAHAN]:[MODAL SATUAN]],4,FALSE) -> 7.6666667 | G12: =VLOOKUP(TBLKEBABSOSYAMKECIL[NAMA BAHAN],[2]!TBLREKAPBAHAN[[NAMA BAHAN]:[MODAL SATUAN]],4,FALSE) -> 7.6666667 | H12: 10 | I12: =G12*H12 -> 76.666667 | J12: 10 | K12: =G12*J12 -> 76.666667 | L12: 10 | M12: =G12*L12 -> 76.666667 | N12: 10 | O12: =G12*N12 -> 76.666667
A13: 12 | B13: KERTAS KEBAB | C13: =VLOOKUP(TBLKEBABSOSYAMKECIL[NAMA BAHAN],[2]!TBLREKAPBAHAN[[NAMA BAHAN]:[MODAL SATUAN]],2,FALSE) -> 25000 | D13: =VLOOKUP(TBLKEBABSOSYAMKECIL[NAMA BAHAN],[2]!TBLREKAPBAHAN[[NAMA BAHAN]:[MODAL SATUAN]],3,FALSE) -> 100 | E13: BIJI | F13: =VLOOKUP(TBLKEBABSOSYAMKECIL[NAMA BAHAN],[2]!TBLREKAPBAHAN[[NAMA BAHAN]:[MODAL SATUAN]],4,FALSE) -> 250 | G13: =VLOOKUP(TBLKEBABSOSYAMKECIL[NAMA BAHAN],[2]!TBLREKAPBAHAN[[NAMA BAHAN]:[MODAL SATUAN]],4,FALSE) -> 250 | H13: 1 | I13: =G13*H13 -> 250 | J13: 1 | K13: =G13*J13 -> 250 | L13: 1 | M13: =G13*L13 -> 250 | N13: 1 | O13: =G13*N13 -> 250
A14: 13 | B14: KRESEK 10 CM | C14: =VLOOKUP(TBLKEBABSOSYAMKECIL[NAMA BAHAN],[2]!TBLREKAPBAHAN[[NAMA BAHAN]:[MODAL SATUAN]],2,FALSE) -> 5500 | D14: =VLOOKUP(TBLKEBABSOSYAMKECIL[NAMA BAHAN],[2]!TBLREKAPBAHAN[[NAMA BAHAN]:[MODAL SATUAN]],3,FALSE) -> 100 | E14: BIJI | F14: =VLOOKUP(TBLKEBABSOSYAMKECIL[NAMA BAHAN],[2]!TBLREKAPBAHAN[[NAMA BAHAN]:[MODAL SATUAN]],4,FALSE) -> 55 | G14: =VLOOKUP(TBLKEBABSOSYAMKECIL[NAMA BAHAN],[2]!TBLREKAPBAHAN[[NAMA BAHAN]:[MODAL SATUAN]],4,FALSE) -> 55 | H14: 1 | I14: =G14*H14 -> 55 | J14: 1 | K14: =G14*J14 -> 55 | L14: 1 | M14: =G14*L14 -> 55 | N14: 1 | O14: =G14*N14 -> 55
B15: MODAL | I15: =SUM(I2:I14) -> 6122.193 | K15: =SUM(K2:K14) -> 6192.193 | M15: =SUM(M2:M14) -> 5972.193 | O15: =SUM(O2:O14) -> 5870.2193

Sheet KEBAB AYAM + SOSIZ (MEDIUM)
A1: KODE BAHAN | B1: NAMA BAHAN | C1: HARGA KULAK | D1: ISI | E1: SATUAN | F1: HARGA KULAK SATUAN | G1: MODAL SATUAN | H1: KEB. | I1: KEBAB AYAM + SOSIZ | J1: KEB.2 | K1: KEBAB AYAM + SOSIZ (PEDAS) | L1: KEB.5 | M1: KEBAB AYAM + SOSIZ TANPA SAYUR (AYAM EKSTRA) | N1: KEB.6 | O1: KEBAB AYAM + SOSIZ TANPA SAYUR (SOSIZ EKSTRA)
A2: 1 | B2: SAOS TOMAT GRAM | C2: =VLOOKUP(TBLKEBABSOSYAMMEDIUM[NAMA BAHAN],[2]!TBLREKAPBAHAN[[NAMA BAHAN]:[MODAL SATUAN]],2,FALSE) -> 20000 | D2: =VLOOKUP(TBLKEBABSOSYAMMEDIUM[NAMA BAHAN],[2]!TBLREKAPBAHAN[[NAMA BAHAN]:[MODAL SATUAN]],3,FALSE) -> 1000 | E2: GRAM | F2: =VLOOKUP(TBLKEBABSOSYAMMEDIUM[NAMA BAHAN],[2]!TBLREKAPBAHAN[[NAMA BAHAN]:[MODAL SATUAN]],4,FALSE) -> 20 | G2: =VLOOKUP(TBLKEBABSOSYAMMEDIUM[NAMA BAHAN],[2]!TBLREKAPBAHAN[[NAMA BAHAN]:[MODAL SATUAN]],4,FALSE) -> 20 | H2: 15 | I2: =G2*H2 -> 300 | J2: 0 | K2: =G2*J2 -> 0 | L2: 15 | M2: =G2*L2 -> 300 | N2: 15 | O2: =G2*N2 -> 300 | Q2: 15 | R2: =TBLKEBABSOSYAMMEDIUM[[#This Row],[MODAL SATUAN]]*Q2 -> 300
A3: 2 | B3: SAOS SAMBAL GRAM | C3: =VLOOKUP(TBLKEBABSOSYAMMEDIUM[NAMA BAHAN],[2]!TBLREKAPBAHAN[[NAMA BAHAN]:[MODAL SATUAN]],2,FALSE) -> 18000 | D3: =VLOOKUP(TBLKEBABSOSYAMMEDIUM[NAMA BAHAN],[2]!TBLREKAPBAHAN[[NAMA BAHAN]:[MODAL SATUAN]],3,FALSE) -> 1000 | E3: GRAM | F3: =VLOOKUP(TBLKEBABSOSYAMMEDIUM[NAMA BAHAN],[2]!TBLREKAPBAHAN[[NAMA BAHAN]:[MODAL SATUAN]],4,FALSE) -> 18 | G3: =VLOOKUP(TBLKEBABSOSYAMMEDIUM[NAMA BAHAN],[2]!TBLREKAPBAHAN[[NAMA BAHAN]:[MODAL SATUAN]],4,FALSE) -> 18 | H3: 0 | I3: =G3*H3 -> 0 | J3: 25 | K3: =G3*J3 -> 450 | L3: 0 | M3: =G3*L3 -> 0 | N3: 0 | O3: =G3*N3 -> 0 | Q3: 0 | R3: =TBLKEBABSOSYAMMEDIUM[[#This Row],[MODAL SATUAN]]*Q3 -> 0
A4: 3 | B4: SAOS BBQ GRAM | C4: =VLOOKUP(TBLKEBABSOSYAMMEDIUM[NAMA BAHAN],[2]!TBLREKAPBAHAN[[NAMA BAHAN]:[MODAL SATUAN]],2,FALSE) -> 12000 | D4: =VLOOKUP(TBLKEBABSOSYAMMEDIUM[NAMA BAHAN],[2]!TBLREKAPBAHAN[[NAMA BAHAN]:[MODAL SATUAN]],3,FALSE) -> 250 | E4: GRAM | F4: =VLOOKUP(TBLKEBABSOSYAMMEDIUM[NAMA BAHAN],[2]!TBLREKAPBAHAN[[NAMA BAHAN]:[MODAL SATUAN]],4,FALSE) -> 48 | G4: =VLOOKUP(TBLKEBABSOSYAMMEDIUM[NAMA BAHAN],[2]!TBLREKAPBAHAN[[NAMA BAHAN]:[MODAL SATUAN]],4,FALSE) -> 48 | H4: 7 | I4: =G4*H4 -> 336 | J4: 7 | K4: =G4*J4 -> 336 | L4: 7 | M4: =G4*L4 -> 336 | N4: 7 | O4: =G4*N4 -> 336 | Q4: 7 | R4: =TBLKEBABSOSYAMMEDIUM[[#This Row],[MODAL SATUAN]]*Q4 -> 336
A5: 4 | B5: MAYONAIS GRAM | C5: =VLOOKUP(TBLKEBABSOSYAMMEDIUM[NAMA BAHAN],[2]!TBLREKAPBAHAN[[NAMA BAHAN]:[MODAL SATUAN]],2,FALSE) -> 50000 | D5: =VLOOKUP(TBLKEBABSOSYAMMEDIUM[NAMA BAHAN],[2]!TBLREKAPBAHAN[[NAMA BAHAN]:[MODAL SATUAN]],3,FALSE) -> 1000 | E5: GRAM | F5: =VLOOKUP(TBLKEBABSOSYAMMEDIUM[NAMA BAHAN],[2]!TBLREKAPBAHAN[[NAMA BAHAN]:[MODAL SATUAN]],4,FALSE) -> 50 | G5: =VLOOKUP(TBLKEBABSOSYAMMEDIUM[NAMA BAHAN],[2]!TBLREKAPBAHAN[[NAMA BAHAN]:[MODAL SATUAN]],4,FALSE) -> 50 | H5: 15 | I5: =G5*H5 -> 750 | J5: 10 | K5: =G5*J5 -> 500 | L5: 15 | M5: =G5*L5 -> 750 | N5: 15 | O5: =G5*N5 -> 750 | Q5: 15 | R5: =TBLKEBABSOSYAMMEDIUM[[#This Row],[MODAL SATUAN]]*Q5 -> 750
A6: 5 | B6: SAOS SPAGHETI GRAM | C6: =VLOOKUP(TBLKEBABSOSYAMMEDIUM[NAMA BAHAN],[2]!TBLREKAPBAHAN[[NAMA BAHAN]:[MODAL SATUAN]],2,FALSE) -> 12000 | D6: =VLOOKUP(TBLKEBABSOSYAMMEDIUM[NAMA BAHAN],[2]!TBLREKAPBAHAN[[NAMA BAHAN]:[MODAL SATUAN]],3,FALSE) -> 250 | E6: GRAM | F6: =VLOOKUP(TBLKEBABSOSYAMMEDIUM[NAMA BAHAN],[2]!TBLREKAPBAHAN[[NAMA BAHAN]:[MODAL SATUAN]],4,FALSE) -> 48 | G6: =VLOOKUP(TBLKEBABSOSYAMMEDIUM[NAMA BAHAN],[2]!TBLREKAPBAHAN[[NAMA BAHAN]:[MODAL SATUAN]],4,FALSE) -> 48 | H6: 7 | I6: =G6*H6 -> 336 | J6: 7 | K6: =G6*J6 -> 336 | L6: 7 | M6: =G6*L6 -> 336 | N6: 7 | O6: =G6*N6 -> 336 | Q6: 7 | R6: =TBLKEBABSOSYAMMEDIUM[[#This Row],[MODAL SATUAN]]*Q6 -> 336
A7: 6 | B7: SOSIZ BATANG | C7: =VLOOKUP(TBLKEBABSOSYAMMEDIUM[NAMA BAHAN],[2]!TBLREKAPBAHAN[[NAMA BAHAN]:[MODAL SATUAN]],2,FALSE) -> 35000 | D7: =VLOOKUP(TBLKEBABSOSYAMMEDIUM[NAMA BAHAN],[2]!TBLREKAPBAHAN[[NAMA BAHAN]:[MODAL SATUAN]],3,FALSE) -> 38 | E7: BATANG | F7: =VLOOKUP(TBLKEBABSOSYAMMEDIUM[NAMA BAHAN],[2]!TBLREKAPBAHAN[[NAMA BAHAN]:[MODAL SATUAN]],4,FALSE) -> 921.05263 | G7: =VLOOKUP(TBLKEBABSOSYAMMEDIUM[NAMA BAHAN],[2]!TBLREKAPBAHAN[[NAMA BAHAN]:[MODAL SATUAN]],4,FALSE) -> 921.05263 | H7: 1 | I7: =G7*H7 -> 921.05263 | J7: 1 | K7: =G7*J7 -> 921.05263 | L7: 1 | M7: =G7*L7 -> 921.05263 | N7: 2 | O7: =G7*N7 -> 1842.1053 | Q7: 4 | R7: =TBLKEBABSOSYAMMEDIUM[[#This Row],[MODAL SATUAN]]*Q7 -> 3684.2105
A8: 7 | B8: AYAM SUWIR | C8: =VLOOKUP(TBLKEBABSOSYAMMEDIUM[NAMA BAHAN],[2]!TBLREKAPBAHAN[[NAMA BAHAN]:[MODAL SATUAN]],2,FALSE) -> 45000 | D8: =VLOOKUP(TBLKEBABSOSYAMMEDIUM[NAMA BAHAN],[2]!TBLREKAPBAHAN[[NAMA BAHAN]:[MODAL SATUAN]],3,FALSE) -> 400 | E8: GRAM | F8: =VLOOKUP(TBLKEBABSOSYAMMEDIUM[NAMA BAHAN],[2]!TBLREKAPBAHAN[[NAMA BAHAN]:[MODAL SATUAN]],4,FALSE) -> 112.5 | G8: =VLOOKUP(TBLKEBABSOSYAMMEDIUM[NAMA BAHAN],[2]!TBLREKAPBAHAN[[NAMA BAHAN]:[MODAL SATUAN]],4,FALSE) -> 112.5 | H8: 20 | I8: =G8*H8 -> 2250 | J8: 20 | K8: =G8*J8 -> 2250 | L8: 35 | M8: =G8*L8 -> 3937.5 | N8: 25 | O8: =G8*N8 -> 2812.5 | Q8: 0 | R8: =TBLKEBABSOSYAMMEDIUM[[#This Row],[MODAL SATUAN]]*Q8 -> 0
A9: 8 | B9: KULIT KEBAB 19/20 CM | C9: =VLOOKUP(TBLKEBABSOSYAMMEDIUM[NAMA BAHAN],[2]!TBLREKAPBAHAN[[NAMA BAHAN]:[MODAL SATUAN]],2,FALSE) -> 29000 | D9: =VLOOKUP(TBLKEBABSOSYAMMEDIUM[NAMA BAHAN],[2]!TBLREKAPBAHAN[[NAMA BAHAN]:[MODAL SATUAN]],3,FALSE) -> 20 | E9: LEMBAR | F9: =VLOOKUP(TBLKEBABSOSYAMMEDIUM[NAMA BAHAN],[2]!TBLREKAPBAHAN[[NAMA BAHAN]:[MODAL SATUAN]],4,FALSE) -> 1450 | G9: =VLOOKUP(TBLKEBABSOSYAMMEDIUM[NAMA BAHAN],[2]!TBLREKAPBAHAN[[NAMA BAHAN]:[MODAL SATUAN]],4,FALSE) -> 1450 | H9: 1 | I9: =G9*H9 -> 1450 | J9: 1 | K9: =G9*J9 -> 1450 | L9: 1 | M9: =G9*L9 -> 1450 | N9: 1 | O9: =G9*N9 -> 1450 | Q9: 1 | R9: =TBLKEBABSOSYAMMEDIUM[[#This Row],[MODAL SATUAN]]*Q9 -> 1450
A10: 9 | B10: SLADA | C10: =VLOOKUP(TBLKEBABSOSYAMMEDIUM[NAMA BAHAN],[2]!TBLREKAPBAHAN[[NAMA BAHAN]:[MODAL SATUAN]],2,FALSE) -> 60000 | D10: =VLOOKUP(TBLKEBABSOSYAMMEDIUM[NAMA BAHAN],[2]!TBLREKAPBAHAN[[NAMA BAHAN]:[MODAL SATUAN]],3,FALSE) -> 50 | E10: PORSI | F10: =VLOOKUP(TBLKEBABSOSYAMMEDIUM[NAMA BAHAN],[2]!TBLREKAPBAHAN[[NAMA BAHAN]:[MODAL SATUAN]],4,FALSE) -> 1200 | G10: =VLOOKUP(TBLKEBABSOSYAMMEDIUM[NAMA BAHAN],[2]!TBLREKAPBAHAN[[NAMA BAHAN]:[MODAL SATUAN]],4,FALSE) -> 1200 | H10: 1 | I10: =G10*H10 -> 1200 | J10: 1 | K10: =G10*J10 -> 1200 | L10: 0 | M10: =G10*L10 -> 0 | N10: 0 | O10: =G10*N10 -> 0 | Q10: 1 | R10: =TBLKEBABSOSYAMMEDIUM[[#This Row],[MODAL SATUAN]]*Q10 -> 1200
A11: 10 | B11: MENTEGA | C11: =VLOOKUP(TBLKEBABSOSYAMMEDIUM[NAMA BAHAN],[2]!TBLREKAPBAHAN[[NAMA BAHAN]:[MODAL SATUAN]],2,FALSE) -> 35000 | D11: =VLOOKUP(TBLKEBABSOSYAMMEDIUM[NAMA BAHAN],[2]!TBLREKAPBAHAN[[NAMA BAHAN]:[MODAL SATUAN]],3,FALSE) -> 1000 | E11: GRAM | F11: =VLOOKUP(TBLKEBABSOSYAMMEDIUM[NAMA BAHAN],[2]!TBLREKAPBAHAN[[NAMA BAHAN]:[MODAL SATUAN]],4,FALSE) -> 35 | G11: =VLOOKUP(TBLKEBABSOSYAMMEDIUM[NAMA BAHAN],[2]!TBLREKAPBAHAN[[NAMA BAHAN]:[MODAL SATUAN]],4,FALSE) -> 35 | H11: 10 | I11: =G11*H11 -> 350 | J11: 10 | K11: =G11*J11 -> 350 | L11: 10 | M11: =G11*L11 -> 350 | N11: 10 | O11: =G11*N11 -> 350 | Q11: 10 | R11: =TBLKEBABSOSYAMMEDIUM[[#This Row],[MODAL SATUAN]]*Q11 -> 350
A12: 11 | B12: GAS ELPIJI | C12: =VLOOKUP(TBLKEBABSOSYAMMEDIUM[NAMA BAHAN],[2]!TBLREKAPBAHAN[[NAMA BAHAN]:[MODAL SATUAN]],2,FALSE) -> 23000 | D12: =VLOOKUP(TBLKEBABSOSYAMMEDIUM[NAMA BAHAN],[2]!TBLREKAPBAHAN[[NAMA BAHAN]:[MODAL SATUAN]],3,FALSE) -> 3000 | E12: GRAM | F12: =VLOOKUP(TBLKEBABSOSYAMMEDIUM[NAMA BAHAN],[2]!TBLREKAPBAHAN[[NAMA BAHAN]:[MODAL SATUAN]],4,FALSE) -> 7.6666667 | G12: =VLOOKUP(TBLKEBABSOSYAMMEDIUM[NAMA BAHAN],[2]!TBLREKAPBAHAN[[NAMA BAHAN]:[MODAL SATUAN]],4,FALSE) -> 7.6666667 | H12: 10 | I12: =G12*H12 -> 76.666667 | J12: 10 | K12: =G12*J12 -> 76.666667 | L12: 10 | M12: =G12*L12 -> 76.666667 | N12: 10 | O12: =G12*N12 -> 76.666667 | Q12: 10 | R12: =TBLKEBABSOSYAMMEDIUM[[#This Row],[MODAL SATUAN]]*Q12 -> 76.666667
A13: 12 | B13: KERTAS KEBAB | C13: =VLOOKUP(TBLKEBABSOSYAMMEDIUM[NAMA BAHAN],[2]!TBLREKAPBAHAN[[NAMA BAHAN]:[MODAL SATUAN]],2,FALSE) -> 25000 | D13: =VLOOKUP(TBLKEBABSOSYAMMEDIUM[NAMA BAHAN],[2]!TBLREKAPBAHAN[[NAMA BAHAN]:[MODAL SATUAN]],3,FALSE) -> 100 | E13: BIJI | F13: =VLOOKUP(TBLKEBABSOSYAMMEDIUM[NAMA BAHAN],[2]!TBLREKAPBAHAN[[NAMA BAHAN]:[MODAL SATUAN]],4,FALSE) -> 250 | G13: =VLOOKUP(TBLKEBABSOSYAMMEDIUM[NAMA BAHAN],[2]!TBLREKAPBAHAN[[NAMA BAHAN]:[MODAL SATUAN]],4,FALSE) -> 250 | H13: 1 | I13: =G13*H13 -> 250 | J13: 1 | K13: =G13*J13 -> 250 | L13: 1 | M13: =G13*L13 -> 250 | N13: 1 | O13: =G13*N13 -> 250 | Q13: 1 | R13: =TBLKEBABSOSYAMMEDIUM[[#This Row],[MODAL SATUAN]]*Q13 -> 250
A14: 13 | B14: KRESEK 10 CM | C14: =VLOOKUP(TBLKEBABSOSYAMMEDIUM[NAMA BAHAN],[2]!TBLREKAPBAHAN[[NAMA BAHAN]:[MODAL SATUAN]],2,FALSE) -> 5500 | D14: =VLOOKUP(TBLKEBABSOSYAMMEDIUM[NAMA BAHAN],[2]!TBLREKAPBAHAN[[NAMA BAHAN]:[MODAL SATUAN]],3,FALSE) -> 100 | E14: BIJI | F14: =VLOOKUP(TBLKEBABSOSYAMMEDIUM[NAMA BAHAN],[2]!TBLREKAPBAHAN[[NAMA BAHAN]:[MODAL SATUAN]],4,FALSE) -> 55 | G14: =VLOOKUP(TBLKEBABSOSYAMMEDIUM[NAMA BAHAN],[2]!TBLREKAPBAHAN[[NAMA BAHAN]:[MODAL SATUAN]],4,FALSE) -> 55 | H14: 1 | I14: =G14*H14 -> 55 | J14: 1 | K14: =G14*J14 -> 55 | L14: 1 | M14: =G14*L14 -> 55 | N14: 1 | O14: =G14*N14 -> 55 | Q14: 1 | R14: =TBLKEBABSOSYAMMEDIUM[[#This Row],[MODAL SATUAN]]*Q14 -> 55
B15: MODAL | I15: =SUM(I2:I14) -> 8274.7193 | K15: =SUM(K2:K14) -> 8174.7193 | M15: =SUM(M2:M14) -> 8762.2193 | O15: =SUM(O2:O14) -> 8558.2719 | R15: =SUM(R2:R14) -> 8787.8772

Sheet PIZZA YES
A1: KODE BAHAN | B1: NAMA BAHAN | C1: HARGA KULAK | D1: ISI | E1: HARGA KULAK SATUAN | F1: MODAL SATUAN | G1: KEB. | H1: PIZZA YES 17 CM FULL SOSIZ+MOZZA | I1: KEB.2 | J1: PIZZA YES 17 CM SOSIS + AYAM | K1: KEB.3 | L1: PIZZA YES 17 CM SOSIS + ABON | M1: KEB.4 | N1: PIZZA YES 17 CM JAGUNG + AYAM | O1: KEB.5 | P1: PIZZA YES 17 CM AYAM + JAMUR | Q1: KEB.6 | R1: PIZZA YES 17 CM MEAT LOVERS | T1: FIFTY FIFTY (MEAT + AYAM)
A2: 1 | B2: SAOS SPAGHETI GRAM | C2: =VLOOKUP(TBLPIZZAYES[NAMA BAHAN],[2]!TBLREKAPBAHAN[[NAMA BAHAN]:[MODAL SATUAN]],2,FALSE) -> 12000 | D2: =VLOOKUP(TBLPIZZAYES[NAMA BAHAN],[2]!TBLREKAPBAHAN[[NAMA BAHAN]:[MODAL SATUAN]],3,FALSE) -> 250 | E2: =VLOOKUP(TBLPIZZAYES[NAMA BAHAN],[2]!TBLREKAPBAHAN[[NAMA BAHAN]:[MODAL SATUAN]],4,FALSE) -> 48 | F2: =VLOOKUP(TBLPIZZAYES[NAMA BAHAN],[2]!TBLREKAPBAHAN[[NAMA BAHAN]:[MODAL SATUAN]],4,FALSE) -> 48 | G2: 50 | H2: =F2*G2 -> 2400 | I2: 50 | J2: =F2*I2 -> 2400 | K2: 30 | L2: =F2*K2 -> 1440 | M2: 30 | N2: =F2*M2 -> 1440 | O2: 50 | P2: =F2*O2 -> 2400 | Q2: 35 | R2: =F2*Q2 -> 1680 | S2: 50 | T2: =TBLPIZZAYES[[#This Row],[MODAL SATUAN]]*S2 -> 2400
A3: 2 | B3: SAOS TOMAT SACHET | C3: =VLOOKUP(TBLPIZZAYES[NAMA BAHAN],[2]!TBLREKAPBAHAN[[NAMA BAHAN]:[MODAL SATUAN]],2,FALSE) -> 7000 | D3: =VLOOKUP(TBLPIZZAYES[NAMA BAHAN],[2]!TBLREKAPBAHAN[[NAMA BAHAN]:[MODAL SATUAN]],3,FALSE) -> 24 | E3: =VLOOKUP(TBLPIZZAYES[NAMA BAHAN],[2]!TBLREKAPBAHAN[[NAMA BAHAN]:[MODAL SATUAN]],4,FALSE) -> 291.66667 | F3: =VLOOKUP(TBLPIZZAYES[NAMA BAHAN],[2]!TBLREKAPBAHAN[[NAMA BAHAN]:[MODAL SATUAN]],4,FALSE) -> 291.66667 | G3: 2 | H3: =F3*G3 -> 583.33333 | I3: 2 | J3: =F3*I3 -> 583.33333 | K3: 2 | L3: =F3*K3 -> 583.33333 | M3: 2 | N3: =F3*M3 -> 583.33333 | O3: 2 | P3: =F3*O3 -> 583.33333 | Q3: 2 | R3: =F3*Q3 -> 583.33333 | S3: 2 | T3: =TBLPIZZAYES[[#This Row],[MODAL SATUAN]]*S3 -> 583.33333
A4: 3 | B4: SAOS SAMBAL SACHET | C4: =VLOOKUP(TBLPIZZAYES[NAMA BAHAN],[2]!TBLREKAPBAHAN[[NAMA BAHAN]:[MODAL SATUAN]],2,FALSE) -> 8000 | D4: =VLOOKUP(TBLPIZZAYES[NAMA BAHAN],[2]!TBLREKAPBAHAN[[NAMA BAHAN]:[MODAL SATUAN]],3,FALSE) -> 24 | E4: =VLOOKUP(TBLPIZZAYES[NAMA BAHAN],[2]!TBLREKAPBAHAN[[NAMA BAHAN]:[MODAL SATUAN]],4,FALSE) -> 333.33333 | F4: =VLOOKUP(TBLPIZZAYES[NAMA BAHAN],[2]!TBLREKAPBAHAN[[NAMA BAHAN]:[MODAL SATUAN]],4,FALSE) -> 333.33333 | G4: 2 | H4: =F4*G4 -> 666.66667 | I4: 2 | J4: =F4*I4 -> 666.66667 | K4: 2 | L4: =F4*K4 -> 666.66667 | M4: 2 | N4: =F4*M4 -> 666.66667 | O4: 2 | P4: =F4*O4 -> 666.66667 | Q4: 2 | R4: =F4*Q4 -> 666.66667 | S4: 2 | T4: =TBLPIZZAYES[[#This Row],[MODAL SATUAN]]*S4 -> 666.66667
A5: 4 | B5: KEJU MOZZARELLA | C5: =VLOOKUP(TBLPIZZAYES[NAMA BAHAN],[2]!TBLREKAPBAHAN[[NAMA BAHAN]:[MODAL SATUAN]],2,FALSE) -> 90000 | D5: =VLOOKUP(TBLPIZZAYES[NAMA BAHAN],[2]!TBLREKAPBAHAN[[NAMA BAHAN]:[MODAL SATUAN]],3,FALSE) -> 500 | E5: =VLOOKUP(TBLPIZZAYES[NAMA BAHAN],[2]!TBLREKAPBAHAN[[NAMA BAHAN]:[MODAL SATUAN]],4,FALSE) -> 180 | F5: =VLOOKUP(TBLPIZZAYES[NAMA BAHAN],[2]!TBLREKAPBAHAN[[NAMA BAHAN]:[MODAL SATUAN]],4,FALSE) -> 180 | G5: 64 | H5: =F5*G5 -> 11520 | I5: 64 | J5: =F5*I5 -> 11520 | K5: 64 | L5: =F5*K5 -> 11520 | M5: 64 | N5: =F5*M5 -> 11520 | O5: 64 | P5: =F5*O5 -> 11520 | Q5: 64 | R5: =F5*Q5 -> 11520 | S5: 64 | T5: =TBLPIZZAYES[[#This Row],[MODAL SATUAN]]*S5 -> 11520
A6: 5 | B6: SOSIZ BATANG | C6: =VLOOKUP(TBLPIZZAYES[NAMA BAHAN],[2]!TBLREKAPBAHAN[[NAMA BAHAN]:[MODAL SATUAN]],2,FALSE) -> 35000 | D6: =VLOOKUP(TBLPIZZAYES[NAMA BAHAN],[2]!TBLREKAPBAHAN[[NAMA BAHAN]:[MODAL SATUAN]],3,FALSE) -> 38 | E6: =VLOOKUP(TBLPIZZAYES[NAMA BAHAN],[2]!TBLREKAPBAHAN[[NAMA BAHAN]:[MODAL SATUAN]],4,FALSE) -> 921.05263 | F6: =VLOOKUP(TBLPIZZAYES[NAMA BAHAN],[2]!TBLREKAPBAHAN[[NAMA BAHAN]:[MODAL SATUAN]],4,FALSE) -> 921.05263 | G6: 4 | H6: =F6*G6 -> 3684.2105 | I6: 3 | J6: =F6*I6 -> 2763.1579 | K6: 2 | L6: =F6*K6 -> 1842.1053 | M6: 1 | N6: =F6*M6 -> 921.05263 | O6: 1 | P6: =F6*O6 -> 921.05263 | Q6: 0 | R6: =F6*Q6 -> 0 | S6: 0 | T6: =TBLPIZZAYES[[#This Row],[MODAL SATUAN]]*S6 -> 0
A7: 6 | B7: AYAM SUWIR | C7: =VLOOKUP(TBLPIZZAYES[NAMA BAHAN],[2]!TBLREKAPBAHAN[[NAMA BAHAN]:[MODAL SATUAN]],2,FALSE) -> 45000 | D7: =VLOOKUP(TBLPIZZAYES[NAMA BAHAN],[2]!TBLREKAPBAHAN[[NAMA BAHAN]:[MODAL SATUAN]],3,FALSE) -> 400 | E7: =VLOOKUP(TBLPIZZAYES[NAMA BAHAN],[2]!TBLREKAPBAHAN[[NAMA BAHAN]:[MODAL SATUAN]],4,FALSE) -> 112.5 | F7: =VLOOKUP(TBLPIZZAYES[NAMA BAHAN],[2]!TBLREKAPBAHAN[[NAMA BAHAN]:[MODAL SATUAN]],4,FALSE) -> 112.5 | G7: 0 | H7: =F7*G7 -> 0 | I7: 30 | J7: =F7*I7 -> 3375 | K7: 0 | L7: =F7*K7 -> 0 | M7: 30 | N7: =F7*M7 -> 3375 | O7: 30 | P7: =F7*O7 -> 3375 | Q7: 0 | R7: =F7*Q7 -> 0 | S7: 28 | T7: =TBLPIZZAYES[[#This Row],[MODAL SATUAN]]*S7 -> 3150
A8: 7 | B8: DAGING SAPI | C8: =VLOOKUP(TBLPIZZAYES[NAMA BAHAN],[2]!TBLREKAPBAHAN[[NAMA BAHAN]:[MODAL SATUAN]],2,FALSE) -> 85000 | D8: =VLOOKUP(TBLPIZZAYES[NAMA BAHAN],[2]!TBLREKAPBAHAN[[NAMA BAHAN]:[MODAL SATUAN]],3,FALSE) -> 1000 | E8: =VLOOKUP(TBLPIZZAYES[NAMA BAHAN],[2]!TBLREKAPBAHAN[[NAMA BAHAN]:[MODAL SATUAN]],4,FALSE) -> 85 | F8: =VLOOKUP(TBLPIZZAYES[NAMA BAHAN],[2]!TBLREKAPBAHAN[[NAMA BAHAN]:[MODAL SATUAN]],4,FALSE) -> 85 | G8: 0 | H8: =F8*G8 -> 0 | I8: 0 | J8: =F8*I8 -> 0 | K8: 0 | L8: =F8*K8 -> 0 | M8: 0 | N8: =F8*M8 -> 0 | O8: 0 | P8: =F8*O8 -> 0 | Q8: 50 | R8: =F8*Q8 -> 4250 | S8: 35 | T8: =TBLPIZZAYES[[#This Row],[MODAL SATUAN]]*S8 -> 2975
A9: 8 | B9: MENTEGA | C9: =VLOOKUP(TBLPIZZAYES[NAMA BAHAN],[2]!TBLREKAPBAHAN[[NAMA BAHAN]:[MODAL SATUAN]],2,FALSE) -> 35000 | D9: =VLOOKUP(TBLPIZZAYES[NAMA BAHAN],[2]!TBLREKAPBAHAN[[NAMA BAHAN]:[MODAL SATUAN]],3,FALSE) -> 1000 | E9: =VLOOKUP(TBLPIZZAYES[NAMA BAHAN],[2]!TBLREKAPBAHAN[[NAMA BAHAN]:[MODAL SATUAN]],4,FALSE) -> 35 | F9: =VLOOKUP(TBLPIZZAYES[NAMA BAHAN],[2]!TBLREKAPBAHAN[[NAMA BAHAN]:[MODAL SATUAN]],4,FALSE) -> 35 | G9: 18 | H9: =F9*G9 -> 630 | I9: 18 | J9: =F9*I9 -> 630 | K9: 18 | L9: =F9*K9 -> 630 | M9: 18 | N9: =F9*M9 -> 630 | O9: 18 | P9: =F9*O9 -> 630 | Q9: 18 | R9: =F9*Q9 -> 630 | S9: 18 | T9: =TBLPIZZAYES[[#This Row],[MODAL SATUAN]]*S9 -> 630
A10: 9 | B10: GULA PASIR | C10: =VLOOKUP(TBLPIZZAYES[NAMA BAHAN],[2]!TBLREKAPBAHAN[[NAMA BAHAN]:[MODAL SATUAN]],2,FALSE) -> 18000 | D10: =VLOOKUP(TBLPIZZAYES[NAMA BAHAN],[2]!TBLREKAPBAHAN[[NAMA BAHAN]:[MODAL SATUAN]],3,FALSE) -> 1000 | E10: =VLOOKUP(TBLPIZZAYES[NAMA BAHAN],[2]!TBLREKAPBAHAN[[NAMA BAHAN]:[MODAL SATUAN]],4,FALSE) -> 18 | F10: =VLOOKUP(TBLPIZZAYES[NAMA BAHAN],[2]!TBLREKAPBAHAN[[NAMA BAHAN]:[MODAL SATUAN]],4,FALSE) -> 18 | G10: 13.5 | H10: =F10*G10 -> 243 | I10: 13.5 | J10: =F10*I10 -> 243 | K10: 13.5 | L10: =F10*K10 -> 243 | M10: 13.5 | N10: =F10*M10 -> 243 | O10: 13.5 | P10: =F10*O10 -> 243 | Q10: 13.5 | R10: =F10*Q10 -> 243 | S10: 13.5 | T10: =TBLPIZZAYES[[#This Row],[MODAL SATUAN]]*S10 -> 243
A11: 10 | B11: GARAM HALUS | C11: =VLOOKUP(TBLPIZZAYES[NAMA BAHAN],[2]!TBLREKAPBAHAN[[NAMA BAHAN]:[MODAL SATUAN]],2,FALSE) -> 4000 | D11: =VLOOKUP(TBLPIZZAYES[NAMA BAHAN],[2]!TBLREKAPBAHAN[[NAMA BAHAN]:[MODAL SATUAN]],3,FALSE) -> 250 | E11: =VLOOKUP(TBLPIZZAYES[NAMA BAHAN],[2]!TBLREKAPBAHAN[[NAMA BAHAN]:[MODAL SATUAN]],4,FALSE) -> 16 | F11: =VLOOKUP(TBLPIZZAYES[NAMA BAHAN],[2]!TBLREKAPBAHAN[[NAMA BAHAN]:[MODAL SATUAN]],4,FALSE) -> 16 | G11: 3 | H11: =F11*G11 -> 48 | I11: 3 | J11: =F11*I11 -> 48 | K11: 3 | L11: =F11*K11 -> 48 | M11: 3 | N11: =F11*M11 -> 48 | O11: 3 | P11: =F11*O11 -> 48 | Q11: 3 | R11: =F11*Q11 -> 48 | S11: 3 | T11: =TBLPIZZAYES[[#This Row],[MODAL SATUAN]]*S11 -> 48
A12: 11 | B12: VERMIPAN | C12: =VLOOKUP(TBLPIZZAYES[NAMA BAHAN],[2]!TBLREKAPBAHAN[[NAMA BAHAN]:[MODAL SATUAN]],2,FALSE) -> 7000 | D12: =VLOOKUP(TBLPIZZAYES[NAMA BAHAN],[2]!TBLREKAPBAHAN[[NAMA BAHAN]:[MODAL SATUAN]],3,FALSE) -> 11 | E12: =VLOOKUP(TBLPIZZAYES[NAMA BAHAN],[2]!TBLREKAPBAHAN[[NAMA BAHAN]:[MODAL SATUAN]],4,FALSE) -> 636.36364 | F12: =VLOOKUP(TBLPIZZAYES[NAMA BAHAN],[2]!TBLREKAPBAHAN[[NAMA BAHAN]:[MODAL SATUAN]],4,FALSE) -> 636.36364 | G12: 5 | H12: =F12*G12 -> 3181.8182 | I12: 5 | J12: =F12*I12 -> 3181.8182 | K12: 2 | L12: =F12*K12 -> 1272.7273 | M12: 2 | N12: =F12*M12 -> 1272.7273 | O12: 2 | P12: =F12*O12 -> 1272.7273 | Q12: 2 | R12: =F12*Q12 -> 1272.7273 | S12: 5 | T12: =TBLPIZZAYES[[#This Row],[MODAL SATUAN]]*S12 -> 3181.8182
A13: 12 | B13: SUSU BUBUK | C13: =VLOOKUP(TBLPIZZAYES[NAMA BAHAN],[2]!TBLREKAPBAHAN[[NAMA BAHAN]:[MODAL SATUAN]],2,FALSE) -> 18000 | D13: =VLOOKUP(TBLPIZZAYES[NAMA BAHAN],[2]!TBLREKAPBAHAN[[NAMA BAHAN]:[MODAL SATUAN]],3,FALSE) -> 250 | E13: =VLOOKUP(TBLPIZZAYES[NAMA BAHAN],[2]!TBLREKAPBAHAN[[NAMA BAHAN]:[MODAL SATUAN]],4,FALSE) -> 72 | F13: =VLOOKUP(TBLPIZZAYES[NAMA BAHAN],[2]!TBLREKAPBAHAN[[NAMA BAHAN]:[MODAL SATUAN]],4,FALSE) -> 72 | G13: 15 | H13: =F13*G13 -> 1080 | I13: 15 | J13: =F13*I13 -> 1080 | K13: 15 | L13: =F13*K13 -> 1080 | M13: 15 | N13: =F13*M13 -> 1080 | O13: 15 | P13: =F13*O13 -> 1080 | Q13: 15 | R13: =F13*Q13 -> 1080 | S13: 15 | T13: =TBLPIZZAYES[[#This Row],[MODAL SATUAN]]*S13 -> 1080
... A29: 28 | B29: KRESEK 30 CM | C29: =VLOOKUP(TBLPIZZAYES[NAMA BAHAN],[2]!TBLREKAPBAHAN[[NAMA BAHAN]:[MODAL SATUAN]],2,FALSE) -> 1000 | D29: =VLOOKUP(TBLPIZZAYES[NAMA BAHAN],[2]!TBLREKAPBAHAN[[NAMA BAHAN]:[MODAL SATUAN]],3,FALSE) -> 2 | E29: =VLOOKUP(TBLPIZZAYES[NAMA BAHAN],[2]!TBLREKAPBAHAN[[NAMA BAHAN]:[MODAL SATUAN]],4,FALSE) -> 500 | F29: =VLOOKUP(TBLPIZZAYES[NAMA BAHAN],[2]!TBLREKAPBAHAN[[NAMA BAHAN]:[MODAL SATUAN]],4,FALSE) -> 500 | G29: 1 | H29: =F29*G29 -> 500 | I29: 1 | J29: =F29*I29 -> 500 | K29: 1 | L29: =F29*K29 -> 500 | M29: 1 | N29: =F29*M29 -> 500 | O29: 1 | P29: =F29*O29 -> 500 | Q29: 1 | R29: =F29*Q29 -> 500 | S29: 1 | T29: =TBLPIZZAYES[[#This Row],[MODAL SATUAN]]*S29 -> 500
A30: MODAL | H30: =SUM(H2:H29) -> 31731.546 | J30: =SUM(J2:J29) -> 33622.994 | L30: =SUM(L2:L29) -> 32707.85 | N30: =SUM(N2:N29) -> 29661.797 | P30: =SUM(P2:P29) -> 31034.297 | R30: =SUM(R2:R29) -> 29668.245 | T30: =SUM(T2:T29) -> 33609.836

Sheet PIZZA YUHU
A1: KODE BAHAN | B1: NAMA BAHAN | C1: HARGA KULAK | D1: ISI | E1: HARGA KULAK SATUAN | F1: MODAL SATUAN | G1: KEB. | H1: PIZZA YUHU 21 CM FULL SOSIZ+MOZZA | I1: KEB.2 | J1: PIZZA YUHU 21 CM SOSIS + AYAM | K1: KEB.3 | L1: PIZZA YUHU 21 CM SOSIS + ABON | M1: KEB.4 | N1: PIZZA YUHU 21 CM JAGUNG + AYAM | O1: KEB.5 | P1: PIZZA YUHU 21 CM AYAM + JAMUR | Q1: KEB.6 | R1: PIZZA YUHU 21 CM MEAT LOVERS | S1: KEB.2 | T1: PIZZA YUHU 21 CM MEAT + AYAM
A2: 1 | B2: SAOS SPAGHETI GRAM | C2: =VLOOKUP(TBLPIZZAYUHU[NAMA BAHAN],[2]!TBLREKAPBAHAN[[NAMA BAHAN]:[MODAL SATUAN]],2,FALSE) -> 12000 | D2: =VLOOKUP(TBLPIZZAYUHU[NAMA BAHAN],[2]!TBLREKAPBAHAN[[NAMA BAHAN]:[MODAL SATUAN]],3,FALSE) -> 250 | E2: =VLOOKUP(TBLPIZZAYUHU[NAMA BAHAN],[2]!TBLREKAPBAHAN[[NAMA BAHAN]:[MODAL SATUAN]],4,FALSE) -> 48 | F2: =VLOOKUP(TBLPIZZAYUHU[NAMA BAHAN],[2]!TBLREKAPBAHAN[[NAMA BAHAN]:[MODAL SATUAN]],4,FALSE) -> 48 | G2: 70 | H2: =F2*G2 -> 3360 | I2: 70 | J2: =F2*I2 -> 3360 | K2: 70 | L2: =F2*K2 -> 3360 | M2: 70 | N2: =F2*M2 -> 3360 | O2: 70 | P2: =F2*O2 -> 3360 | Q2: 70 | R2: =TBLPIZZAYUHU[[#This Row],[MODAL SATUAN]]*TBLPIZZAYUHU[[#This Row],[KEB.6]] -> 3360 | S2: 70 | T2: =TBLPIZZAYUHU[[#This Row],[MODAL SATUAN]]*S2 -> 3360
A3: 2 | B3: SAOS TOMAT SACHET | C3: =VLOOKUP(TBLPIZZAYUHU[NAMA BAHAN],[2]!TBLREKAPBAHAN[[NAMA BAHAN]:[MODAL SATUAN]],2,FALSE) -> 7000 | D3: =VLOOKUP(TBLPIZZAYUHU[NAMA BAHAN],[2]!TBLREKAPBAHAN[[NAMA BAHAN]:[MODAL SATUAN]],3,FALSE) -> 24 | E3: =VLOOKUP(TBLPIZZAYUHU[NAMA BAHAN],[2]!TBLREKAPBAHAN[[NAMA BAHAN]:[MODAL SATUAN]],4,FALSE) -> 291.66667 | F3: =VLOOKUP(TBLPIZZAYUHU[NAMA BAHAN],[2]!TBLREKAPBAHAN[[NAMA BAHAN]:[MODAL SATUAN]],4,FALSE) -> 291.66667 | G3: 3 | H3: =F3*G3 -> 875 | I3: 3 | J3: =F3*I3 -> 875 | K3: 3 | L3: =F3*K3 -> 875 | M3: 3 | N3: =F3*M3 -> 875 | O3: 3 | P3: =F3*O3 -> 875 | Q3: 3 | R3: =TBLPIZZAYUHU[[#This Row],[MODAL SATUAN]]*TBLPIZZAYUHU[[#This Row],[KEB.6]] -> 875 | S3: 3 | T3: =TBLPIZZAYUHU[[#This Row],[MODAL SATUAN]]*S3 -> 875
A4: 3 | B4: SAOS SAMBAL SACHET | C4: =VLOOKUP(TBLPIZZAYUHU[NAMA BAHAN],[2]!TBLREKAPBAHAN[[NAMA BAHAN]:[MODAL SATUAN]],2,FALSE) -> 8000 | D4: =VLOOKUP(TBLPIZZAYUHU[NAMA BAHAN],[2]!TBLREKAPBAHAN[[NAMA BAHAN]:[MODAL SATUAN]],3,FALSE) -> 24 | E4: =VLOOKUP(TBLPIZZAYUHU[NAMA BAHAN],[2]!TBLREKAPBAHAN[[NAMA BAHAN]:[MODAL SATUAN]],4,FALSE) -> 333.33333 | F4: =VLOOKUP(TBLPIZZAYUHU[NAMA BAHAN],[2]!TBLREKAPBAHAN[[NAMA BAHAN]:[MODAL SATUAN]],4,FALSE) -> 333.33333 | G4: 3 | H4: =F4*G4 -> 1000 | I4: 3 | J4: =F4*I4 -> 1000 | K4: 3 | L4: =F4*K4 -> 1000 | M4: 3 | N4: =F4*M4 -> 1000 | O4: 3 | P4: =F4*O4 -> 1000 | Q4: 3 | R4: =TBLPIZZAYUHU[[#This Row],[MODAL SATUAN]]*TBLPIZZAYUHU[[#This Row],[KEB.6]] -> 1000 | S4: 3 | T4: =TBLPIZZAYUHU[[#This Row],[MODAL SATUAN]]*S4 -> 1000
A5: 4 | B5: KEJU MOZZARELLA | C5: =VLOOKUP(TBLPIZZAYUHU[NAMA BAHAN],[2]!TBLREKAPBAHAN[[NAMA BAHAN]:[MODAL SATUAN]],2,FALSE) -> 90000 | D5: =VLOOKUP(TBLPIZZAYUHU[NAMA BAHAN],[2]!TBLREKAPBAHAN[[NAMA BAHAN]:[MODAL SATUAN]],3,FALSE) -> 500 | E5: =VLOOKUP(TBLPIZZAYUHU[NAMA BAHAN],[2]!TBLREKAPBAHAN[[NAMA BAHAN]:[MODAL SATUAN]],4,FALSE) -> 180 | F5: =VLOOKUP(TBLPIZZAYUHU[NAMA BAHAN],[2]!TBLREKAPBAHAN[[NAMA BAHAN]:[MODAL SATUAN]],4,FALSE) -> 180 | G5: 112 | H5: =F5*G5 -> 20160 | I5: 112 | J5: =F5*I5 -> 20160 | K5: 112 | L5: =F5*K5 -> 20160 | M5: 112 | N5: =F5*M5 -> 20160 | O5: 112 | P5: =F5*O5 -> 20160 | Q5: 112 | R5: =TBLPIZZAYUHU[[#This Row],[MODAL SATUAN]]*TBLPIZZAYUHU[[#This Row],[KEB.6]] -> 20160 | S5: 112 | T5: =TBLPIZZAYUHU[[#This Row],[MODAL SATUAN]]*S5 -> 20160
A6: 5 | B6: SOSIZ BATANG | C6: =VLOOKUP(TBLPIZZAYUHU[NAMA BAHAN],[2]!TBLREKAPBAHAN[[NAMA BAHAN]:[MODAL SATUAN]],2,FALSE) -> 35000 | D6: =VLOOKUP(TBLPIZZAYUHU[NAMA BAHAN],[2]!TBLREKAPBAHAN[[NAMA BAHAN]:[MODAL SATUAN]],3,FALSE) -> 38 | E6: =VLOOKUP(TBLPIZZAYUHU[NAMA BAHAN],[2]!TBLREKAPBAHAN[[NAMA BAHAN]:[MODAL SATUAN]],4,FALSE) -> 921.05263 | F6: =VLOOKUP(TBLPIZZAYUHU[NAMA BAHAN],[2]!TBLREKAPBAHAN[[NAMA BAHAN]:[MODAL SATUAN]],4,FALSE) -> 921.05263 | G6: 5 | H6: =F6*G6 -> 4605.2632 | I6: 4 | J6: =F6*I6 -> 3684.2105 | K6: 3 | L6: =F6*K6 -> 2763.1579 | M6: 0 | N6: =F6*M6 -> 0 | O6: 0 | P6: =F6*O6 -> 0 | Q6: 0 | R6: =TBLPIZZAYUHU[[#This Row],[MODAL SATUAN]]*TBLPIZZAYUHU[[#This Row],[KEB.6]] -> 0 | S6: 0 | T6: =TBLPIZZAYUHU[[#This Row],[MODAL SATUAN]]*S6 -> 0
A7: 6 | B7: AYAM SUWIR | C7: =VLOOKUP(TBLPIZZAYUHU[NAMA BAHAN],[2]!TBLREKAPBAHAN[[NAMA BAHAN]:[MODAL SATUAN]],2,FALSE) -> 45000 | D7: =VLOOKUP(TBLPIZZAYUHU[NAMA BAHAN],[2]!TBLREKAPBAHAN[[NAMA BAHAN]:[MODAL SATUAN]],3,FALSE) -> 400 | E7: =VLOOKUP(TBLPIZZAYUHU[NAMA BAHAN],[2]!TBLREKAPBAHAN[[NAMA BAHAN]:[MODAL SATUAN]],4,FALSE) -> 112.5 | F7: =VLOOKUP(TBLPIZZAYUHU[NAMA BAHAN],[2]!TBLREKAPBAHAN[[NAMA BAHAN]:[MODAL SATUAN]],4,FALSE) -> 112.5 | G7: 0 | H7: =F7*G7 -> 0 | I7: 40 | J7: =F7*I7 -> 4500 | K7: 0 | L7: =F7*K7 -> 0 | M7: 50 | N7: =F7*M7 -> 5625 | O7: 50 | P7: =F7*O7 -> 5625 | Q7: 0 | R7: =TBLPIZZAYUHU[[#This Row],[MODAL SATUAN]]*TBLPIZZAYUHU[[#This Row],[KEB.6]] -> 0 | S7: 40 | T7: =TBLPIZZAYUHU[[#This Row],[MODAL SATUAN]]*S7 -> 4500
A8: 7 | B8: DAGING SAPI | C8: =VLOOKUP(TBLPIZZAYUHU[NAMA BAHAN],[2]!TBLREKAPBAHAN[[NAMA BAHAN]:[MODAL SATUAN]],2,FALSE) -> 85000 | D8: =VLOOKUP(TBLPIZZAYUHU[NAMA BAHAN],[2]!TBLREKAPBAHAN[[NAMA BAHAN]:[MODAL SATUAN]],3,FALSE) -> 1000 | E8: =VLOOKUP(TBLPIZZAYUHU[NAMA BAHAN],[2]!TBLREKAPBAHAN[[NAMA BAHAN]:[MODAL SATUAN]],4,FALSE) -> 85 | F8: =VLOOKUP(TBLPIZZAYUHU[NAMA BAHAN],[2]!TBLREKAPBAHAN[[NAMA BAHAN]:[MODAL SATUAN]],4,FALSE) -> 85 | G8: 0 | H8: =F8*G8 -> 0 | I8: 0 | J8: =F8*I8 -> 0 | K8: 0 | L8: =F8*K8 -> 0 | M8: 0 | N8: =F8*M8 -> 0 | O8: 0 | P8: =F8*O8 -> 0 | Q8: 80 | R8: =TBLPIZZAYUHU[[#This Row],[MODAL SATUAN]]*TBLPIZZAYUHU[[#This Row],[KEB.6]] -> 6800 | S8: 40 | T8: =TBLPIZZAYUHU[[#This Row],[MODAL SATUAN]]*S8 -> 3400
A9: 8 | B9: MENTEGA | C9: =VLOOKUP(TBLPIZZAYUHU[NAMA BAHAN],[2]!TBLREKAPBAHAN[[NAMA BAHAN]:[MODAL SATUAN]],2,FALSE) -> 35000 | D9: =VLOOKUP(TBLPIZZAYUHU[NAMA BAHAN],[2]!TBLREKAPBAHAN[[NAMA BAHAN]:[MODAL SATUAN]],3,FALSE) -> 1000 | E9: =VLOOKUP(TBLPIZZAYUHU[NAMA BAHAN],[2]!TBLREKAPBAHAN[[NAMA BAHAN]:[MODAL SATUAN]],4,FALSE) -> 35 | F9: =VLOOKUP(TBLPIZZAYUHU[NAMA BAHAN],[2]!TBLREKAPBAHAN[[NAMA BAHAN]:[MODAL SATUAN]],4,FALSE) -> 35 | G9: 22 | H9: =F9*G9 -> 770 | I9: 22 | J9: =F9*I9 -> 770 | K9: 22 | L9: =F9*K9 -> 770 | M9: 22 | N9: =F9*M9 -> 770 | O9: 22 | P9: =F9*O9 -> 770 | Q9: 22 | R9: =TBLPIZZAYUHU[[#This Row],[MODAL SATUAN]]*TBLPIZZAYUHU[[#This Row],[KEB.6]] -> 770 | S9: 22 | T9: =TBLPIZZAYUHU[[#This Row],[MODAL SATUAN]]*S9 -> 770
A10: 9 | B10: GULA PASIR | C10: =VLOOKUP(TBLPIZZAYUHU[NAMA BAHAN],[2]!TBLREKAPBAHAN[[NAMA BAHAN]:[MODAL SATUAN]],2,FALSE) -> 18000 | D10: =VLOOKUP(TBLPIZZAYUHU[NAMA BAHAN],[2]!TBLREKAPBAHAN[[NAMA BAHAN]:[MODAL SATUAN]],3,FALSE) -> 1000 | E10: =VLOOKUP(TBLPIZZAYUHU[NAMA BAHAN],[2]!TBLREKAPBAHAN[[NAMA BAHAN]:[MODAL SATUAN]],4,FALSE) -> 18 | F10: =VLOOKUP(TBLPIZZAYUHU[NAMA BAHAN],[2]!TBLREKAPBAHAN[[NAMA BAHAN]:[MODAL SATUAN]],4,FALSE) -> 18 | G10: 18 | H10: =F10*G10 -> 324 | I10: 18 | J10: =F10*I10 -> 324 | K10: 18 | L10: =F10*K10 -> 324 | M10: 18 | N10: =F10*M10 -> 324 | O10: 18 | P10: =F10*O10 -> 324 | Q10: 18 | R10: =TBLPIZZAYUHU[[#This Row],[MODAL SATUAN]]*TBLPIZZAYUHU[[#This Row],[KEB.6]] -> 324 | S10: 18 | T10: =TBLPIZZAYUHU[[#This Row],[MODAL SATUAN]]*S10 -> 324
A11: 10 | B11: GARAM HALUS | C11: =VLOOKUP(TBLPIZZAYUHU[NAMA BAHAN],[2]!TBLREKAPBAHAN[[NAMA BAHAN]:[MODAL SATUAN]],2,FALSE) -> 4000 | D11: =VLOOKUP(TBLPIZZAYUHU[NAMA BAHAN],[2]!TBLREKAPBAHAN[[NAMA BAHAN]:[MODAL SATUAN]],3,FALSE) -> 250 | E11: =VLOOKUP(TBLPIZZAYUHU[NAMA BAHAN],[2]!TBLREKAPBAHAN[[NAMA BAHAN]:[MODAL SATUAN]],4,FALSE) -> 16 | F11: =VLOOKUP(TBLPIZZAYUHU[NAMA BAHAN],[2]!TBLREKAPBAHAN[[NAMA BAHAN]:[MODAL SATUAN]],4,FALSE) -> 16 | G11: 5 | H11: =F11*G11 -> 80 | I11: 5 | J11: =F11*I11 -> 80 | K11: 5 | L11: =F11*K11 -> 80 | M11: 5 | N11: =F11*M11 -> 80 | O11: 5 | P11: =F11*O11 -> 80 | Q11: 5 | R11: =TBLPIZZAYUHU[[#This Row],[MODAL SATUAN]]*TBLPIZZAYUHU[[#This Row],[KEB.6]] -> 80 | S11: 5 | T11: =TBLPIZZAYUHU[[#This Row],[MODAL SATUAN]]*S11 -> 80
A12: 11 | B12: VERMIPAN | C12: =VLOOKUP(TBLPIZZAYUHU[NAMA BAHAN],[2]!TBLREKAPBAHAN[[NAMA BAHAN]:[MODAL SATUAN]],2,FALSE) -> 7000 | D12: =VLOOKUP(TBLPIZZAYUHU[NAMA BAHAN],[2]!TBLREKAPBAHAN[[NAMA BAHAN]:[MODAL SATUAN]],3,FALSE) -> 11 | E12: =VLOOKUP(TBLPIZZAYUHU[NAMA BAHAN],[2]!TBLREKAPBAHAN[[NAMA BAHAN]:[MODAL SATUAN]],4,FALSE) -> 636.36364 | F12: =VLOOKUP(TBLPIZZAYUHU[NAMA BAHAN],[2]!TBLREKAPBAHAN[[NAMA BAHAN]:[MODAL SATUAN]],4,FALSE) -> 636.36364 | G12: 2 | H12: =F12*G12 -> 1272.7273 | I12: 2 | J12: =F12*I12 -> 1272.7273 | K12: 2 | L12: =F12*K12 -> 1272.7273 | M12: 2 | N12: =F12*M12 -> 1272.7273 | O12: 2 | P12: =F12*O12 -> 1272.7273 | Q12: 2 | R12: =TBLPIZZAYUHU[[#This Row],[MODAL SATUAN]]*TBLPIZZAYUHU[[#This Row],[KEB.6]] -> 1272.7273 | S12: 2 | T12: =TBLPIZZAYUHU[[#This Row],[MODAL SATUAN]]*S12 -> 1272.7273
A13: 12 | B13: SUSU BUBUK | C13: =VLOOKUP(TBLPIZZAYUHU[NAMA BAHAN],[2]!TBLREKAPBAHAN[[NAMA BAHAN]:[MODAL SATUAN]],2,FALSE) -> 18000 | D13: =VLOOKUP(TBLPIZZAYUHU[NAMA BAHAN],[2]!TBLREKAPBAHAN[[NAMA BAHAN]:[MODAL SATUAN]],3,FALSE) -> 250 | E13: =VLOOKUP(TBLPIZZAYUHU[NAMA BAHAN],[2]!TBLREKAPBAHAN[[NAMA BAHAN]:[MODAL SATUAN]],4,FALSE) -> 72 | F13: =VLOOKUP(TBLPIZZAYUHU[NAMA BAHAN],[2]!TBLREKAPBAHAN[[NAMA BAHAN]:[MODAL SATUAN]],4,FALSE) -> 72 | G13: 20 | H13: =F13*G13 -> 1440 | I13: 20 | J13: =F13*I13 -> 1440 | K13: 20 | L13: =F13*K13 -> 1440 | M13: 20 | N13: =F13*M13 -> 1440 | O13: 20 | P13: =F13*O13 -> 1440 | Q13: 20 | R13: =TBLPIZZAYUHU[[#This Row],[MODAL SATUAN]]*TBLPIZZAYUHU[[#This Row],[KEB.6]] -> 1440 | S13: 20 | T13: =TBLPIZZAYUHU[[#This Row],[MODAL SATUAN]]*S13 -> 1440
... A30: 29 | B30: KRESEK 30 CM | C30: =VLOOKUP(TBLPIZZAYUHU[NAMA BAHAN],[2]!TBLREKAPBAHAN[[NAMA BAHAN]:[MODAL SATUAN]],2,FALSE) -> 1000 | D30: =VLOOKUP(TBLPIZZAYUHU[NAMA BAHAN],[2]!TBLREKAPBAHAN[[NAMA BAHAN]:[MODAL SATUAN]],3,FALSE) -> 2 | E30: =VLOOKUP(TBLPIZZAYUHU[NAMA BAHAN],[2]!TBLREKAPBAHAN[[NAMA BAHAN]:[MODAL SATUAN]],4,FALSE) -> 500 | F30: =VLOOKUP(TBLPIZZAYUHU[NAMA BAHAN],[2]!TBLREKAPBAHAN[[NAMA BAHAN]:[MODAL SATUAN]],4,FALSE) -> 500 | G30: 1 | H30: =F30*G30 -> 500 | I30: 1 | J30: =F30*I30 -> 500 | K30: 1 | L30: =F30*K30 -> 500 | M30: 1 | N30: =F30*M30 -> 500 | O30: 1 | P30: =F30*O30 -> 500 | Q30: 1 | R30: =TBLPIZZAYUHU[[#This Row],[MODAL SATUAN]]*TBLPIZZAYUHU[[#This Row],[KEB.6]] -> 500 | S30: 1 | T30: =TBLPIZZAYUHU[[#This Row],[MODAL SATUAN]]*S30 -> 500
A31: MODAL | H31: =SUM(H2:H30) -> 44576.903 | J31: =SUM(J2:J30) -> 47030.85 | L31: =SUM(L2:L30) -> 51609.797 | N31: =SUM(N2:N30) -> 45971.64 | P31: =SUM(P2:P30) -> 46396.64 | R31: =SUM(TBLPIZZAYUHU[PIZZA YUHU 21 CM MEAT LOVERS]) -> 47571.64 | T31: =SUM(T2:T30) -> 47746.64

Sheet PIZZA SIP
A1: KODE BAHAN | B1: NAMA BAHAN | C1: HARGA KULAK | D1: ISI | E1: HARGA KULAK SATUAN | F1: MODAL SATUAN | G1: KEB. | H1: PIZZA SIP 25CM SOSIZ + MOZZARELLA | I1: KEB.2 | J1: PIZZA SIP 25CM SOSIZ + AYAM | K1: KEB.3 | L1: PIZZA SIP 25CM AYAM + JAMUR | M1: KEB.4 | N1: PIZZA SIP 25CM SOSIZ + ABON | O1: KEB.5 | P1: PIZZA SIP 25CM AYAM + JAGUNG | Q1: KEB.6 | R1: PIZZA SIP 25CM MEAT LOVERS
A2: 1 | B2: SAOS SPAGHETI GRAM | C2: =VLOOKUP(TBLPIZZASIP[NAMA BAHAN],[2]!TBLREKAPBAHAN[[NAMA BAHAN]:[MODAL SATUAN]],2,FALSE) -> 12000 | D2: =VLOOKUP(TBLPIZZASIP[NAMA BAHAN],[2]!TBLREKAPBAHAN[[NAMA BAHAN]:[MODAL SATUAN]],3,FALSE) -> 250 | E2: =VLOOKUP(TBLPIZZASIP[NAMA BAHAN],[2]!TBLREKAPBAHAN[[NAMA BAHAN]:[MODAL SATUAN]],4,FALSE) -> 48 | F2: =VLOOKUP(TBLPIZZASIP[NAMA BAHAN],[2]!TBLREKAPBAHAN[[NAMA BAHAN]:[MODAL SATUAN]],4,FALSE) -> 48 | G2: 150 | H2: =F2*G2 -> 7200 | I2: 150 | J2: =F2*I2 -> 7200 | K2: 150 | L2: =F2*K2 -> 7200 | M2: 130 | N2: =F2*M2 -> 6240 | O2: 150 | P2: =F2*O2 -> 7200 | Q2: 150 | R2: =TBLPIZZASIP[[#This Row],[MODAL SATUAN]]*TBLPIZZASIP[[#This Row],[KEB.6]] -> 7200
A3: 2 | B3: SAOS TOMAT SACHET | C3: =VLOOKUP(TBLPIZZASIP[NAMA BAHAN],[2]!TBLREKAPBAHAN[[NAMA BAHAN]:[MODAL SATUAN]],2,FALSE) -> 7000 | D3: =VLOOKUP(TBLPIZZASIP[NAMA BAHAN],[2]!TBLREKAPBAHAN[[NAMA BAHAN]:[MODAL SATUAN]],3,FALSE) -> 24 | E3: =VLOOKUP(TBLPIZZASIP[NAMA BAHAN],[2]!TBLREKAPBAHAN[[NAMA BAHAN]:[MODAL SATUAN]],4,FALSE) -> 291.66667 | F3: =VLOOKUP(TBLPIZZASIP[NAMA BAHAN],[2]!TBLREKAPBAHAN[[NAMA BAHAN]:[MODAL SATUAN]],4,FALSE) -> 291.66667 | G3: 4 | H3: =F3*G3 -> 1166.6667 | I3: 4 | J3: =F3*I3 -> 1166.6667 | K3: 4 | L3: =F3*K3 -> 1166.6667 | M3: 4 | N3: =F3*M3 -> 1166.6667 | O3: 4 | P3: =F3*O3 -> 1166.6667 | Q3: 4 | R3: =TBLPIZZASIP[[#This Row],[MODAL SATUAN]]*TBLPIZZASIP[[#This Row],[KEB.6]] -> 1166.6667
A4: 3 | B4: SAOS SAMBAL SACHET | C4: =VLOOKUP(TBLPIZZASIP[NAMA BAHAN],[2]!TBLREKAPBAHAN[[NAMA BAHAN]:[MODAL SATUAN]],2,FALSE) -> 8000 | D4: =VLOOKUP(TBLPIZZASIP[NAMA BAHAN],[2]!TBLREKAPBAHAN[[NAMA BAHAN]:[MODAL SATUAN]],3,FALSE) -> 24 | E4: =VLOOKUP(TBLPIZZASIP[NAMA BAHAN],[2]!TBLREKAPBAHAN[[NAMA BAHAN]:[MODAL SATUAN]],4,FALSE) -> 333.33333 | F4: =VLOOKUP(TBLPIZZASIP[NAMA BAHAN],[2]!TBLREKAPBAHAN[[NAMA BAHAN]:[MODAL SATUAN]],4,FALSE) -> 333.33333 | G4: 4 | H4: =F4*G4 -> 1333.3333 | I4: 4 | J4: =F4*I4 -> 1333.3333 | K4: 4 | L4: =F4*K4 -> 1333.3333 | M4: 4 | N4: =F4*M4 -> 1333.3333 | O4: 4 | P4: =F4*O4 -> 1333.3333 | Q4: 4 | R4: =TBLPIZZASIP[[#This Row],[MODAL SATUAN]]*TBLPIZZASIP[[#This Row],[KEB.6]] -> 1333.3333
A5: 4 | B5: KEJU MOZZARELLA | C5: =VLOOKUP(TBLPIZZASIP[NAMA BAHAN],[2]!TBLREKAPBAHAN[[NAMA BAHAN]:[MODAL SATUAN]],2,FALSE) -> 90000 | D5: =VLOOKUP(TBLPIZZASIP[NAMA BAHAN],[2]!TBLREKAPBAHAN[[NAMA BAHAN]:[MODAL SATUAN]],3,FALSE) -> 500 | E5: =VLOOKUP(TBLPIZZASIP[NAMA BAHAN],[2]!TBLREKAPBAHAN[[NAMA BAHAN]:[MODAL SATUAN]],4,FALSE) -> 180 | F5: =VLOOKUP(TBLPIZZASIP[NAMA BAHAN],[2]!TBLREKAPBAHAN[[NAMA BAHAN]:[MODAL SATUAN]],4,FALSE) -> 180 | G5: 144 | H5: =F5*G5 -> 25920 | I5: 144 | J5: =F5*I5 -> 25920 | K5: 144 | L5: =F5*K5 -> 25920 | M5: 144 | N5: =F5*M5 -> 25920 | O5: 144 | P5: =F5*O5 -> 25920 | Q5: 130 | R5: =TBLPIZZASIP[[#This Row],[MODAL SATUAN]]*TBLPIZZASIP[[#This Row],[KEB.6]] -> 23400
A6: 5 | B6: SOSIZ BATANG | C6: =VLOOKUP(TBLPIZZASIP[NAMA BAHAN],[2]!TBLREKAPBAHAN[[NAMA BAHAN]:[MODAL SATUAN]],2,FALSE) -> 35000 | D6: =VLOOKUP(TBLPIZZASIP[NAMA BAHAN],[2]!TBLREKAPBAHAN[[NAMA BAHAN]:[MODAL SATUAN]],3,FALSE) -> 38 | E6: =VLOOKUP(TBLPIZZASIP[NAMA BAHAN],[2]!TBLREKAPBAHAN[[NAMA BAHAN]:[MODAL SATUAN]],4,FALSE) -> 921.05263 | F6: =VLOOKUP(TBLPIZZASIP[NAMA BAHAN],[2]!TBLREKAPBAHAN[[NAMA BAHAN]:[MODAL SATUAN]],4,FALSE) -> 921.05263 | G6: 6.5 | H6: =F6*G6 -> 5986.8421 | I6: 6 | J6: =F6*I6 -> 5526.3158 | K6: 0 | L6: =F6*K6 -> 0 | M6: 3 | N6: =F6*M6 -> 2763.1579 | O6: 0 | P6: =F6*O6 -> 0 | Q6: 0 | R6: =TBLPIZZASIP[[#This Row],[MODAL SATUAN]]*TBLPIZZASIP[[#This Row],[KEB.6]] -> 0
A7: 6 | B7: AYAM SUWIR | C7: =VLOOKUP(TBLPIZZASIP[NAMA BAHAN],[2]!TBLREKAPBAHAN[[NAMA BAHAN]:[MODAL SATUAN]],2,FALSE) -> 45000 | D7: =VLOOKUP(TBLPIZZASIP[NAMA BAHAN],[2]!TBLREKAPBAHAN[[NAMA BAHAN]:[MODAL SATUAN]],3,FALSE) -> 400 | E7: =VLOOKUP(TBLPIZZASIP[NAMA BAHAN],[2]!TBLREKAPBAHAN[[NAMA BAHAN]:[MODAL SATUAN]],4,FALSE) -> 112.5 | F7: =VLOOKUP(TBLPIZZASIP[NAMA BAHAN],[2]!TBLREKAPBAHAN[[NAMA BAHAN]:[MODAL SATUAN]],4,FALSE) -> 112.5 | G7: 0 | H7: =F7*G7 -> 0 | I7: 50 | J7: =F7*I7 -> 5625 | K7: 80 | L7: =F7*K7 -> 9000 | M7: 0 | N7: =F7*M7 -> 0 | O7: 80 | P7: =F7*O7 -> 9000 | Q7: 0 | R7: =TBLPIZZASIP[[#This Row],[MODAL SATUAN]]*TBLPIZZASIP[[#This Row],[KEB.6]] -> 0
A8: 7 | B8: DAGING SAPI | C8: =VLOOKUP(TBLPIZZASIP[NAMA BAHAN],[2]!TBLREKAPBAHAN[[NAMA BAHAN]:[MODAL SATUAN]],2,FALSE) -> 85000 | D8: =VLOOKUP(TBLPIZZASIP[NAMA BAHAN],[2]!TBLREKAPBAHAN[[NAMA BAHAN]:[MODAL SATUAN]],3,FALSE) -> 1000 | E8: =VLOOKUP(TBLPIZZASIP[NAMA BAHAN],[2]!TBLREKAPBAHAN[[NAMA BAHAN]:[MODAL SATUAN]],4,FALSE) -> 85 | F8: =VLOOKUP(TBLPIZZASIP[NAMA BAHAN],[2]!TBLREKAPBAHAN[[NAMA BAHAN]:[MODAL SATUAN]],4,FALSE) -> 85 | G8: 0 | H8: =F8*G8 -> 0 | I8: 0 | J8: =F8*I8 -> 0 | K8: 0 | L8: =F8*K8 -> 0 | M8: 0 | N8: =F8*M8 -> 0 | O8: 0 | P8: =F8*O8 -> 0 | Q8: 120 | R8: =TBLPIZZASIP[[#This Row],[MODAL SATUAN]]*TBLPIZZASIP[[#This Row],[KEB.6]] -> 10200
A9: 8 | B9: MENTEGA | C9: =VLOOKUP(TBLPIZZASIP[NAMA BAHAN],[2]!TBLREKAPBAHAN[[NAMA BAHAN]:[MODAL SATUAN]],2,FALSE) -> 35000 | D9: =VLOOKUP(TBLPIZZASIP[NAMA BAHAN],[2]!TBLREKAPBAHAN[[NAMA BAHAN]:[MODAL SATUAN]],3,FALSE) -> 1000 | E9: =VLOOKUP(TBLPIZZASIP[NAMA BAHAN],[2]!TBLREKAPBAHAN[[NAMA BAHAN]:[MODAL SATUAN]],4,FALSE) -> 35 | F9: =VLOOKUP(TBLPIZZASIP[NAMA BAHAN],[2]!TBLREKAPBAHAN[[NAMA BAHAN]:[MODAL SATUAN]],4,FALSE) -> 35 | G9: 35 | H9: =F9*G9 -> 1225 | I9: 35 | J9: =F9*I9 -> 1225 | K9: 35 | L9: =F9*K9 -> 1225 | M9: 35 | N9: =F9*M9 -> 1225 | O9: 35 | P9: =F9*O9 -> 1225 | Q9: 35 | R9: =TBLPIZZASIP[[#This Row],[MODAL SATUAN]]*TBLPIZZASIP[[#This Row],[KEB.6]] -> 1225
A10: 9 | B10: GULA PASIR | C10: =VLOOKUP(TBLPIZZASIP[NAMA BAHAN],[2]!TBLREKAPBAHAN[[NAMA BAHAN]:[MODAL SATUAN]],2,FALSE) -> 18000 | D10: =VLOOKUP(TBLPIZZASIP[NAMA BAHAN],[2]!TBLREKAPBAHAN[[NAMA BAHAN]:[MODAL SATUAN]],3,FALSE) -> 1000 | E10: =VLOOKUP(TBLPIZZASIP[NAMA BAHAN],[2]!TBLREKAPBAHAN[[NAMA BAHAN]:[MODAL SATUAN]],4,FALSE) -> 18 | F10: =VLOOKUP(TBLPIZZASIP[NAMA BAHAN],[2]!TBLREKAPBAHAN[[NAMA BAHAN]:[MODAL SATUAN]],4,FALSE) -> 18 | G10: 27 | H10: =F10*G10 -> 486 | I10: 27 | J10: =F10*I10 -> 486 | K10: 27 | L10: =F10*K10 -> 486 | M10: 27 | N10: =F10*M10 -> 486 | O10: 27 | P10: =F10*O10 -> 486 | Q10: 27 | R10: =TBLPIZZASIP[[#This Row],[MODAL SATUAN]]*TBLPIZZASIP[[#This Row],[KEB.6]] -> 486
A11: 10 | B11: GARAM HALUS | C11: =VLOOKUP(TBLPIZZASIP[NAMA BAHAN],[2]!TBLREKAPBAHAN[[NAMA BAHAN]:[MODAL SATUAN]],2,FALSE) -> 4000 | D11: =VLOOKUP(TBLPIZZASIP[NAMA BAHAN],[2]!TBLREKAPBAHAN[[NAMA BAHAN]:[MODAL SATUAN]],3,FALSE) -> 250 | E11: =VLOOKUP(TBLPIZZASIP[NAMA BAHAN],[2]!TBLREKAPBAHAN[[NAMA BAHAN]:[MODAL SATUAN]],4,FALSE) -> 16 | F11: =VLOOKUP(TBLPIZZASIP[NAMA BAHAN],[2]!TBLREKAPBAHAN[[NAMA BAHAN]:[MODAL SATUAN]],4,FALSE) -> 16 | G11: 10 | H11: =F11*G11 -> 160 | I11: 10 | J11: =F11*I11 -> 160 | K11: 10 | L11: =F11*K11 -> 160 | M11: 10 | N11: =F11*M11 -> 160 | O11: 10 | P11: =F11*O11 -> 160 | Q11: 10 | R11: =TBLPIZZASIP[[#This Row],[MODAL SATUAN]]*TBLPIZZASIP[[#This Row],[KEB.6]] -> 160
A12: 11 | B12: VERMIPAN | C12: =VLOOKUP(TBLPIZZASIP[NAMA BAHAN],[2]!TBLREKAPBAHAN[[NAMA BAHAN]:[MODAL SATUAN]],2,FALSE) -> 7000 | D12: =VLOOKUP(TBLPIZZASIP[NAMA BAHAN],[2]!TBLREKAPBAHAN[[NAMA BAHAN]:[MODAL SATUAN]],3,FALSE) -> 11 | E12: =VLOOKUP(TBLPIZZASIP[NAMA BAHAN],[2]!TBLREKAPBAHAN[[NAMA BAHAN]:[MODAL SATUAN]],4,FALSE) -> 636.36364 | F12: =VLOOKUP(TBLPIZZASIP[NAMA BAHAN],[2]!TBLREKAPBAHAN[[NAMA BAHAN]:[MODAL SATUAN]],4,FALSE) -> 636.36364 | G12: 7 | H12: =F12*G12 -> 4454.5455 | I12: 2 | J12: =F12*I12 -> 1272.7273 | K12: 2 | L12: =F12*K12 -> 1272.7273 | M12: 2 | N12: =F12*M12 -> 1272.7273 | O12: 2 | P12: =F12*O12 -> 1272.7273 | Q12: 2 | R12: =TBLPIZZASIP[[#This Row],[MODAL SATUAN]]*TBLPIZZASIP[[#This Row],[KEB.6]] -> 1272.7273
A13: 12 | B13: SUSU BUBUK | C13: =VLOOKUP(TBLPIZZASIP[NAMA BAHAN],[2]!TBLREKAPBAHAN[[NAMA BAHAN]:[MODAL SATUAN]],2,FALSE) -> 18000 | D13: =VLOOKUP(TBLPIZZASIP[NAMA BAHAN],[2]!TBLREKAPBAHAN[[NAMA BAHAN]:[MODAL SATUAN]],3,FALSE) -> 250 | E13: =VLOOKUP(TBLPIZZASIP[NAMA BAHAN],[2]!TBLREKAPBAHAN[[NAMA BAHAN]:[MODAL SATUAN]],4,FALSE) -> 72 | F13: =VLOOKUP(TBLPIZZASIP[NAMA BAHAN],[2]!TBLREKAPBAHAN[[NAMA BAHAN]:[MODAL SATUAN]],4,FALSE) -> 72 | G13: 30 | H13: =F13*G13 -> 2160 | I13: 30 | J13: =F13*I13 -> 2160 | K13: 30 | L13: =F13*K13 -> 2160 | M13: 30 | N13: =F13*M13 -> 2160 | O13: 30 | P13: =F13*O13 -> 2160 | Q13: 30 | R13: =TBLPIZZASIP[[#This Row],[MODAL SATUAN]]*TBLPIZZASIP[[#This Row],[KEB.6]] -> 2160
... A30: 29 | B30: KRESEK 50 CM | C30: =VLOOKUP(TBLPIZZASIP[NAMA BAHAN],[2]!TBLREKAPBAHAN[[NAMA BAHAN]:[MODAL SATUAN]],2,FALSE) -> 1000 | D30: =VLOOKUP(TBLPIZZASIP[NAMA BAHAN],[2]!TBLREKAPBAHAN[[NAMA BAHAN]:[MODAL SATUAN]],3,FALSE) -> 1 | E30: =VLOOKUP(TBLPIZZASIP[NAMA BAHAN],[2]!TBLREKAPBAHAN[[NAMA BAHAN]:[MODAL SATUAN]],4,FALSE) -> 1000 | F30: =VLOOKUP(TBLPIZZASIP[NAMA BAHAN],[2]!TBLREKAPBAHAN[[NAMA BAHAN]:[MODAL SATUAN]],4,FALSE) -> 1000 | G30: 1 | H30: =F30*G30 -> 1000 | I30: 1 | J30: =F30*I30 -> 1000 | K30: 1 | L30: =F30*K30 -> 1000 | M30: 1 | N30: =F30*M30 -> 1000 | O30: 1 | P30: =F30*O30 -> 1000 | Q30: 1 | R30: =TBLPIZZASIP[[#This Row],[MODAL SATUAN]]*TBLPIZZASIP[[#This Row],[KEB.6]] -> 1000
A31: MODAL | H31: =SUM(H2:H30) -> 65820.37 | J31: =SUM(J2:J30) -> 66678.026 | L31: =SUM(L2:L30) -> 67651.71 | N31: =SUM(N2:N30) -> 72329.868 | P31: =SUM(P2:P30) -> 66026.71 | R31: =SUM(TBLPIZZASIP[PIZZA SIP 25CM MEAT LOVERS]) -> 65331.71

Sheet PIZZA YES TOP KOREA
A1: KODE BAHAN | B1: NAMA BAHAN | C1: HARGA KULAK | D1: ISI | E1: HARGA KULAK SATUAN | F1: MODAL SATUAN | G1: KEB. | H1: PIZZA YES 18 CM TOP KOREA DASARAN JAGUNG+MOZZA | I1: KEB.2 | J1: PIZZA YES 18 CM TOP KOREA DASARAN AYAM+MOZZA | K1: KEB.3 | L1: PIZZA YES 18 CM TOPPING KOREA TABUR
A2: 1 | B2: SAOS SPAGHETI GRAM | C2: =VLOOKUP(TBLYESKOREA[NAMA BAHAN],[2]!TBLREKAPBAHAN[[NAMA BAHAN]:[MODAL SATUAN]],2,FALSE) -> 12000 | D2: =VLOOKUP(TBLYESKOREA[NAMA BAHAN],[2]!TBLREKAPBAHAN[[NAMA BAHAN]:[MODAL SATUAN]],3,FALSE) -> 250 | E2: =VLOOKUP(TBLYESKOREA[NAMA BAHAN],[2]!TBLREKAPBAHAN[[NAMA BAHAN]:[MODAL SATUAN]],4,FALSE) -> 48 | F2: =VLOOKUP(TBLYESKOREA[NAMA BAHAN],[2]!TBLREKAPBAHAN[[NAMA BAHAN]:[MODAL SATUAN]],4,FALSE) -> 48 | G2: 50 | H2: =F2*G2 -> 2400 | I2: 50 | J2: =F2*I2 -> 2400 | K2: 50 | L2: =F2*K2 -> 2400
A3: 2 | B3: SAOS TOMAT SACHET | C3: =VLOOKUP(TBLYESKOREA[NAMA BAHAN],[2]!TBLREKAPBAHAN[[NAMA BAHAN]:[MODAL SATUAN]],2,FALSE) -> 7000 | D3: =VLOOKUP(TBLYESKOREA[NAMA BAHAN],[2]!TBLREKAPBAHAN[[NAMA BAHAN]:[MODAL SATUAN]],3,FALSE) -> 24 | E3: =VLOOKUP(TBLYESKOREA[NAMA BAHAN],[2]!TBLREKAPBAHAN[[NAMA BAHAN]:[MODAL SATUAN]],4,FALSE) -> 291.66667 | F3: =VLOOKUP(TBLYESKOREA[NAMA BAHAN],[2]!TBLREKAPBAHAN[[NAMA BAHAN]:[MODAL SATUAN]],4,FALSE) -> 291.66667 | G3: 2 | H3: =F3*G3 -> 583.33333 | I3: 2 | J3: =F3*I3 -> 583.33333 | K3: 2 | L3: =F3*K3 -> 583.33333
A4: 3 | B4: SAOS SAMBAL SACHET | C4: =VLOOKUP(TBLYESKOREA[NAMA BAHAN],[2]!TBLREKAPBAHAN[[NAMA BAHAN]:[MODAL SATUAN]],2,FALSE) -> 8000 | D4: =VLOOKUP(TBLYESKOREA[NAMA BAHAN],[2]!TBLREKAPBAHAN[[NAMA BAHAN]:[MODAL SATUAN]],3,FALSE) -> 24 | E4: =VLOOKUP(TBLYESKOREA[NAMA BAHAN],[2]!TBLREKAPBAHAN[[NAMA BAHAN]:[MODAL SATUAN]],4,FALSE) -> 333.33333 | F4: =VLOOKUP(TBLYESKOREA[NAMA BAHAN],[2]!TBLREKAPBAHAN[[NAMA BAHAN]:[MODAL SATUAN]],4,FALSE) -> 333.33333 | G4: 2 | H4: =F4*G4 -> 666.66667 | I4: 2 | J4: =F4*I4 -> 666.66667 | K4: 2 | L4: =F4*K4 -> 666.66667
A5: 4 | B5: KEJU MOZZARELLA | C5: =VLOOKUP(TBLYESKOREA[NAMA BAHAN],[2]!TBLREKAPBAHAN[[NAMA BAHAN]:[MODAL SATUAN]],2,FALSE) -> 90000 | D5: =VLOOKUP(TBLYESKOREA[NAMA BAHAN],[2]!TBLREKAPBAHAN[[NAMA BAHAN]:[MODAL SATUAN]],3,FALSE) -> 500 | E5: =VLOOKUP(TBLYESKOREA[NAMA BAHAN],[2]!TBLREKAPBAHAN[[NAMA BAHAN]:[MODAL SATUAN]],4,FALSE) -> 180 | F5: =VLOOKUP(TBLYESKOREA[NAMA BAHAN],[2]!TBLREKAPBAHAN[[NAMA BAHAN]:[MODAL SATUAN]],4,FALSE) -> 180 | G5: 64 | H5: =F5*G5 -> 11520 | I5: 64 | J5: =F5*I5 -> 11520 | K5: 64 | L5: =F5*K5 -> 11520
A6: 5 | B6: SOSIZ BATANG | C6: =VLOOKUP(TBLYESKOREA[NAMA BAHAN],[2]!TBLREKAPBAHAN[[NAMA BAHAN]:[MODAL SATUAN]],2,FALSE) -> 35000 | D6: =VLOOKUP(TBLYESKOREA[NAMA BAHAN],[2]!TBLREKAPBAHAN[[NAMA BAHAN]:[MODAL SATUAN]],3,FALSE) -> 38 | E6: =VLOOKUP(TBLYESKOREA[NAMA BAHAN],[2]!TBLREKAPBAHAN[[NAMA BAHAN]:[MODAL SATUAN]],4,FALSE) -> 921.05263 | F6: =VLOOKUP(TBLYESKOREA[NAMA BAHAN],[2]!TBLREKAPBAHAN[[NAMA BAHAN]:[MODAL SATUAN]],4,FALSE) -> 921.05263 | G6: 1 | H6: =F6*G6 -> 921.05263 | I6: 1 | J6: =F6*I6 -> 921.05263 | K6: 1 | L6: =F6*K6 -> 921.05263
A7: 6 | B7: AYAM SUWIR | C7: =VLOOKUP(TBLYESKOREA[NAMA BAHAN],[2]!TBLREKAPBAHAN[[NAMA BAHAN]:[MODAL SATUAN]],2,FALSE) -> 45000 | D7: =VLOOKUP(TBLYESKOREA[NAMA BAHAN],[2]!TBLREKAPBAHAN[[NAMA BAHAN]:[MODAL SATUAN]],3,FALSE) -> 400 | E7: =VLOOKUP(TBLYESKOREA[NAMA BAHAN],[2]!TBLREKAPBAHAN[[NAMA BAHAN]:[MODAL SATUAN]],4,FALSE) -> 112.5 | F7: =VLOOKUP(TBLYESKOREA[NAMA BAHAN],[2]!TBLREKAPBAHAN[[NAMA BAHAN]:[MODAL SATUAN]],4,FALSE) -> 112.5 | G7: 15 | H7: =F7*G7 -> 1687.5 | I7: 20 | J7: =F7*I7 -> 2250 | K7: 15 | L7: =F7*K7 -> 1687.5
A8: 7 | B8: MENTEGA | C8: =VLOOKUP(TBLYESKOREA[NAMA BAHAN],[2]!TBLREKAPBAHAN[[NAMA BAHAN]:[MODAL SATUAN]],2,FALSE) -> 35000 | D8: =VLOOKUP(TBLYESKOREA[NAMA BAHAN],[2]!TBLREKAPBAHAN[[NAMA BAHAN]:[MODAL SATUAN]],3,FALSE) -> 1000 | E8: =VLOOKUP(TBLYESKOREA[NAMA BAHAN],[2]!TBLREKAPBAHAN[[NAMA BAHAN]:[MODAL SATUAN]],4,FALSE) -> 35 | F8: =VLOOKUP(TBLYESKOREA[NAMA BAHAN],[2]!TBLREKAPBAHAN[[NAMA BAHAN]:[MODAL SATUAN]],4,FALSE) -> 35 | G8: 18 | H8: =F8*G8 -> 630 | I8: 18 | J8: =F8*I8 -> 630 | K8: 18 | L8: =F8*K8 -> 630
A9: 8 | B9: GULA PASIR | C9: =VLOOKUP(TBLYESKOREA[NAMA BAHAN],[2]!TBLREKAPBAHAN[[NAMA BAHAN]:[MODAL SATUAN]],2,FALSE) -> 18000 | D9: =VLOOKUP(TBLYESKOREA[NAMA BAHAN],[2]!TBLREKAPBAHAN[[NAMA BAHAN]:[MODAL SATUAN]],3,FALSE) -> 1000 | E9: =VLOOKUP(TBLYESKOREA[NAMA BAHAN],[2]!TBLREKAPBAHAN[[NAMA BAHAN]:[MODAL SATUAN]],4,FALSE) -> 18 | F9: =VLOOKUP(TBLYESKOREA[NAMA BAHAN],[2]!TBLREKAPBAHAN[[NAMA BAHAN]:[MODAL SATUAN]],4,FALSE) -> 18 | G9: 13.5 | H9: =F9*G9 -> 243 | I9: 13.5 | J9: =F9*I9 -> 243 | K9: 13.5 | L9: =F9*K9 -> 243
A10: 9 | B10: GARAM HALUS | C10: =VLOOKUP(TBLYESKOREA[NAMA BAHAN],[2]!TBLREKAPBAHAN[[NAMA BAHAN]:[MODAL SATUAN]],2,FALSE) -> 4000 | D10: =VLOOKUP(TBLYESKOREA[NAMA BAHAN],[2]!TBLREKAPBAHAN[[NAMA BAHAN]:[MODAL SATUAN]],3,FALSE) -> 250 | E10: =VLOOKUP(TBLYESKOREA[NAMA BAHAN],[2]!TBLREKAPBAHAN[[NAMA BAHAN]:[MODAL SATUAN]],4,FALSE) -> 16 | F10: =VLOOKUP(TBLYESKOREA[NAMA BAHAN],[2]!TBLREKAPBAHAN[[NAMA BAHAN]:[MODAL SATUAN]],4,FALSE) -> 16 | G10: 3 | H10: =F10*G10 -> 48 | I10: 3 | J10: =F10*I10 -> 48 | K10: 3 | L10: =F10*K10 -> 48
A11: 10 | B11: VERMIPAN | C11: =VLOOKUP(TBLYESKOREA[NAMA BAHAN],[2]!TBLREKAPBAHAN[[NAMA BAHAN]:[MODAL SATUAN]],2,FALSE) -> 7000 | D11: =VLOOKUP(TBLYESKOREA[NAMA BAHAN],[2]!TBLREKAPBAHAN[[NAMA BAHAN]:[MODAL SATUAN]],3,FALSE) -> 11 | E11: =VLOOKUP(TBLYESKOREA[NAMA BAHAN],[2]!TBLREKAPBAHAN[[NAMA BAHAN]:[MODAL SATUAN]],4,FALSE) -> 636.36364 | F11: =VLOOKUP(TBLYESKOREA[NAMA BAHAN],[2]!TBLREKAPBAHAN[[NAMA BAHAN]:[MODAL SATUAN]],4,FALSE) -> 636.36364 | G11: 5 | H11: =F11*G11 -> 3181.8182 | I11: 5 | J11: =F11*I11 -> 3181.8182 | K11: 5 | L11: =F11*K11 -> 3181.8182
A12: 11 | B12: SUSU BUBUK | C12: =VLOOKUP(TBLYESKOREA[NAMA BAHAN],[2]!TBLREKAPBAHAN[[NAMA BAHAN]:[MODAL SATUAN]],2,FALSE) -> 18000 | D12: =VLOOKUP(TBLYESKOREA[NAMA BAHAN],[2]!TBLREKAPBAHAN[[NAMA BAHAN]:[MODAL SATUAN]],3,FALSE) -> 250 | E12: =VLOOKUP(TBLYESKOREA[NAMA BAHAN],[2]!TBLREKAPBAHAN[[NAMA BAHAN]:[MODAL SATUAN]],4,FALSE) -> 72 | F12: =VLOOKUP(TBLYESKOREA[NAMA BAHAN],[2]!TBLREKAPBAHAN[[NAMA BAHAN]:[MODAL SATUAN]],4,FALSE) -> 72 | G12: 15 | H12: =F12*G12 -> 1080 | I12: 15 | J12: =F12*I12 -> 1080 | K12: 15 | L12: =F12*K12 -> 1080
A13: 12 | B13: TEPUNG SEGITIGA BIRU | C13: =VLOOKUP(TBLYESKOREA[NAMA BAHAN],[2]!TBLREKAPBAHAN[[NAMA BAHAN]:[MODAL SATUAN]],2,FALSE) -> 14000 | D13: =VLOOKUP(TBLYESKOREA[NAMA BAHAN],[2]!TBLREKAPBAHAN[[NAMA BAHAN]:[MODAL SATUAN]],3,FALSE) -> 1000 | E13: =VLOOKUP(TBLYESKOREA[NAMA BAHAN],[2]!TBLREKAPBAHAN[[NAMA BAHAN]:[MODAL SATUAN]],4,FALSE) -> 14 | F13: =VLOOKUP(TBLYESKOREA[NAMA BAHAN],[2]!TBLREKAPBAHAN[[NAMA BAHAN]:[MODAL SATUAN]],4,FALSE) -> 14 | G13: 30 | H13: =F13*G13 -> 420 | I13: 30 | J13: =F13*I13 -> 420 | K13: 30 | L13: =F13*K13 -> 420
... A29: 28 | B29: KRESEK 30 CM | C29: =VLOOKUP(TBLYESKOREA[NAMA BAHAN],[2]!TBLREKAPBAHAN[[NAMA BAHAN]:[MODAL SATUAN]],2,FALSE) -> 1000 | D29: =VLOOKUP(TBLYESKOREA[NAMA BAHAN],[2]!TBLREKAPBAHAN[[NAMA BAHAN]:[MODAL SATUAN]],3,FALSE) -> 2 | E29: =VLOOKUP(TBLYESKOREA[NAMA BAHAN],[2]!TBLREKAPBAHAN[[NAMA BAHAN]:[MODAL SATUAN]],4,FALSE) -> 500 | F29: =VLOOKUP(TBLYESKOREA[NAMA BAHAN],[2]!TBLREKAPBAHAN[[NAMA BAHAN]:[MODAL SATUAN]],4,FALSE) -> 500 | G29: 1 | H29: =F29*G29 -> 500 | I29: 1 | J29: =F29*I29 -> 500 | K29: 1 | L29: =F29*K29 -> 500
H30: =SUM(H2:H29) -> 34905.888 | J30: =SUM(J2:J29) -> 35468.388 | L30: =SUM(L2:L29) -> 34905.888

Sheet PIZZA YUHU TOP KOREA
A1: KODE BAHAN | B1: NAMA BAHAN | C1: HARGA KULAK | D1: ISI | E1: HARGA KULAK SATUAN | F1: MODAL SATUAN | G1: KEB. | H1: PIZZA YUHU 21 CM TOP KOREA DASARAN JAGUNG+MOZZA | I1: KEB.2 | J1: PIZZA YUHU 21 CM TOP KOREA DASARAN AYAM+MOZZA | K1: KEB.3 | L1: PIZZA YUHU 21 CM TOP KOREA TABUR
A2: 1 | B2: SAOS SPAGHETI GRAM | C2: =VLOOKUP(TBLYUHUKOREA[NAMA BAHAN],[2]!TBLREKAPBAHAN[[NAMA BAHAN]:[MODAL SATUAN]],2,FALSE) -> 12000 | D2: =VLOOKUP(TBLYUHUKOREA[NAMA BAHAN],[2]!TBLREKAPBAHAN[[NAMA BAHAN]:[MODAL SATUAN]],3,FALSE) -> 250 | E2: =VLOOKUP(TBLYUHUKOREA[NAMA BAHAN],[2]!TBLREKAPBAHAN[[NAMA BAHAN]:[MODAL SATUAN]],4,FALSE) -> 48 | F2: =VLOOKUP(TBLYUHUKOREA[NAMA BAHAN],[2]!TBLREKAPBAHAN[[NAMA BAHAN]:[MODAL SATUAN]],4,FALSE) -> 48 | G2: 70 | H2: =F2*G2 -> 3360 | I2: 70 | J2: =F2*I2 -> 3360 | K2: 70 | L2: =F2*K2 -> 3360
A3: 2 | B3: SAOS TOMAT SACHET | C3: =VLOOKUP(TBLYUHUKOREA[NAMA BAHAN],[2]!TBLREKAPBAHAN[[NAMA BAHAN]:[MODAL SATUAN]],2,FALSE) -> 7000 | D3: =VLOOKUP(TBLYUHUKOREA[NAMA BAHAN],[2]!TBLREKAPBAHAN[[NAMA BAHAN]:[MODAL SATUAN]],3,FALSE) -> 24 | E3: =VLOOKUP(TBLYUHUKOREA[NAMA BAHAN],[2]!TBLREKAPBAHAN[[NAMA BAHAN]:[MODAL SATUAN]],4,FALSE) -> 291.66667 | F3: =VLOOKUP(TBLYUHUKOREA[NAMA BAHAN],[2]!TBLREKAPBAHAN[[NAMA BAHAN]:[MODAL SATUAN]],4,FALSE) -> 291.66667 | G3: 3 | H3: =F3*G3 -> 875 | I3: 3 | J3: =F3*I3 -> 875 | K3: 3 | L3: =F3*K3 -> 875
A4: 3 | B4: SAOS SAMBAL SACHET | C4: =VLOOKUP(TBLYUHUKOREA[NAMA BAHAN],[2]!TBLREKAPBAHAN[[NAMA BAHAN]:[MODAL SATUAN]],2,FALSE) -> 8000 | D4: =VLOOKUP(TBLYUHUKOREA[NAMA BAHAN],[2]!TBLREKAPBAHAN[[NAMA BAHAN]:[MODAL SATUAN]],3,FALSE) -> 24 | E4: =VLOOKUP(TBLYUHUKOREA[NAMA BAHAN],[2]!TBLREKAPBAHAN[[NAMA BAHAN]:[MODAL SATUAN]],4,FALSE) -> 333.33333 | F4: =VLOOKUP(TBLYUHUKOREA[NAMA BAHAN],[2]!TBLREKAPBAHAN[[NAMA BAHAN]:[MODAL SATUAN]],4,FALSE) -> 333.33333 | G4: 3 | H4: =F4*G4 -> 1000 | I4: 3 | J4: =F4*I4 -> 1000 | K4: 3 | L4: =F4*K4 -> 1000
A5: 4 | B5: KEJU MOZZARELLA | C5: =VLOOKUP(TBLYUHUKOREA[NAMA BAHAN],[2]!TBLREKAPBAHAN[[NAMA BAHAN]:[MODAL SATUAN]],2,FALSE) -> 90000 | D5: =VLOOKUP(TBLYUHUKOREA[NAMA BAHAN],[2]!TBLREKAPBAHAN[[NAMA BAHAN]:[MODAL SATUAN]],3,FALSE) -> 500 | E5: =VLOOKUP(TBLYUHUKOREA[NAMA BAHAN],[2]!TBLREKAPBAHAN[[NAMA BAHAN]:[MODAL SATUAN]],4,FALSE) -> 180 | F5: =VLOOKUP(TBLYUHUKOREA[NAMA BAHAN],[2]!TBLREKAPBAHAN[[NAMA BAHAN]:[MODAL SATUAN]],4,FALSE) -> 180 | G5: 96 | H5: =F5*G5 -> 17280 | I5: 96 | J5: =F5*I5 -> 17280 | K5: 96 | L5: =F5*K5 -> 17280
A6: 5 | B6: SOSIZ BATANG | C6: =VLOOKUP(TBLYUHUKOREA[NAMA BAHAN],[2]!TBLREKAPBAHAN[[NAMA BAHAN]:[MODAL SATUAN]],2,FALSE) -> 35000 | D6: =VLOOKUP(TBLYUHUKOREA[NAMA BAHAN],[2]!TBLREKAPBAHAN[[NAMA BAHAN]:[MODAL SATUAN]],3,FALSE) -> 38 | E6: =VLOOKUP(TBLYUHUKOREA[NAMA BAHAN],[2]!TBLREKAPBAHAN[[NAMA BAHAN]:[MODAL SATUAN]],4,FALSE) -> 921.05263 | F6: =VLOOKUP(TBLYUHUKOREA[NAMA BAHAN],[2]!TBLREKAPBAHAN[[NAMA BAHAN]:[MODAL SATUAN]],4,FALSE) -> 921.05263 | G6: 2 | H6: =F6*G6 -> 1842.1053 | I6: 2 | J6: =F6*I6 -> 1842.1053 | K6: 2 | L6: =F6*K6 -> 1842.1053
A7: 6 | B7: AYAM SUWIR | C7: =VLOOKUP(TBLYUHUKOREA[NAMA BAHAN],[2]!TBLREKAPBAHAN[[NAMA BAHAN]:[MODAL SATUAN]],2,FALSE) -> 45000 | D7: =VLOOKUP(TBLYUHUKOREA[NAMA BAHAN],[2]!TBLREKAPBAHAN[[NAMA BAHAN]:[MODAL SATUAN]],3,FALSE) -> 400 | E7: =VLOOKUP(TBLYUHUKOREA[NAMA BAHAN],[2]!TBLREKAPBAHAN[[NAMA BAHAN]:[MODAL SATUAN]],4,FALSE) -> 112.5 | F7: =VLOOKUP(TBLYUHUKOREA[NAMA BAHAN],[2]!TBLREKAPBAHAN[[NAMA BAHAN]:[MODAL SATUAN]],4,FALSE) -> 112.5 | G7: 20 | H7: =F7*G7 -> 2250 | I7: 40 | J7: =F7*I7 -> 4500 | K7: 30 | L7: =F7*K7 -> 3375
A8: 7 | B8: MENTEGA | C8: =VLOOKUP(TBLYUHUKOREA[NAMA BAHAN],[2]!TBLREKAPBAHAN[[NAMA BAHAN]:[MODAL SATUAN]],2,FALSE) -> 35000 | D8: =VLOOKUP(TBLYUHUKOREA[NAMA BAHAN],[2]!TBLREKAPBAHAN[[NAMA BAHAN]:[MODAL SATUAN]],3,FALSE) -> 1000 | E8: =VLOOKUP(TBLYUHUKOREA[NAMA BAHAN],[2]!TBLREKAPBAHAN[[NAMA BAHAN]:[MODAL SATUAN]],4,FALSE) -> 35 | F8: =VLOOKUP(TBLYUHUKOREA[NAMA BAHAN],[2]!TBLREKAPBAHAN[[NAMA BAHAN]:[MODAL SATUAN]],4,FALSE) -> 35 | G8: 22 | H8: =F8*G8 -> 770 | I8: 22 | J8: =F8*I8 -> 770 | K8: 22 | L8: =F8*K8 -> 770
A9: 8 | B9: GULA PASIR | C9: =VLOOKUP(TBLYUHUKOREA[NAMA BAHAN],[2]!TBLREKAPBAHAN[[NAMA BAHAN]:[MODAL SATUAN]],2,FALSE) -> 18000 | D9: =VLOOKUP(TBLYUHUKOREA[NAMA BAHAN],[2]!TBLREKAPBAHAN[[NAMA BAHAN]:[MODAL SATUAN]],3,FALSE) -> 1000 | E9: =VLOOKUP(TBLYUHUKOREA[NAMA BAHAN],[2]!TBLREKAPBAHAN[[NAMA BAHAN]:[MODAL SATUAN]],4,FALSE) -> 18 | F9: =VLOOKUP(TBLYUHUKOREA[NAMA BAHAN],[2]!TBLREKAPBAHAN[[NAMA BAHAN]:[MODAL SATUAN]],4,FALSE) -> 18 | G9: 18 | H9: =F9*G9 -> 324 | I9: 18 | J9: =F9*I9 -> 324 | K9: 18 | L9: =F9*K9 -> 324
A10: 9 | B10: GARAM HALUS | C10: =VLOOKUP(TBLYUHUKOREA[NAMA BAHAN],[2]!TBLREKAPBAHAN[[NAMA BAHAN]:[MODAL SATUAN]],2,FALSE) -> 4000 | D10: =VLOOKUP(TBLYUHUKOREA[NAMA BAHAN],[2]!TBLREKAPBAHAN[[NAMA BAHAN]:[MODAL SATUAN]],3,FALSE) -> 250 | E10: =VLOOKUP(TBLYUHUKOREA[NAMA BAHAN],[2]!TBLREKAPBAHAN[[NAMA BAHAN]:[MODAL SATUAN]],4,FALSE) -> 16 | F10: =VLOOKUP(TBLYUHUKOREA[NAMA BAHAN],[2]!TBLREKAPBAHAN[[NAMA BAHAN]:[MODAL SATUAN]],4,FALSE) -> 16 | G10: 5 | H10: =F10*G10 -> 80 | I10: 5 | J10: =F10*I10 -> 80 | K10: 5 | L10: =F10*K10 -> 80
A11: 10 | B11: VERMIPAN | C11: =VLOOKUP(TBLYUHUKOREA[NAMA BAHAN],[2]!TBLREKAPBAHAN[[NAMA BAHAN]:[MODAL SATUAN]],2,FALSE) -> 7000 | D11: =VLOOKUP(TBLYUHUKOREA[NAMA BAHAN],[2]!TBLREKAPBAHAN[[NAMA BAHAN]:[MODAL SATUAN]],3,FALSE) -> 11 | E11: =VLOOKUP(TBLYUHUKOREA[NAMA BAHAN],[2]!TBLREKAPBAHAN[[NAMA BAHAN]:[MODAL SATUAN]],4,FALSE) -> 636.36364 | F11: =VLOOKUP(TBLYUHUKOREA[NAMA BAHAN],[2]!TBLREKAPBAHAN[[NAMA BAHAN]:[MODAL SATUAN]],4,FALSE) -> 636.36364 | G11: 7 | H11: =F11*G11 -> 4454.5455 | I11: 7 | J11: =F11*I11 -> 4454.5455 | K11: 7 | L11: =F11*K11 -> 4454.5455
A12: 11 | B12: SUSU BUBUK | C12: =VLOOKUP(TBLYUHUKOREA[NAMA BAHAN],[2]!TBLREKAPBAHAN[[NAMA BAHAN]:[MODAL SATUAN]],2,FALSE) -> 18000 | D12: =VLOOKUP(TBLYUHUKOREA[NAMA BAHAN],[2]!TBLREKAPBAHAN[[NAMA BAHAN]:[MODAL SATUAN]],3,FALSE) -> 250 | E12: =VLOOKUP(TBLYUHUKOREA[NAMA BAHAN],[2]!TBLREKAPBAHAN[[NAMA BAHAN]:[MODAL SATUAN]],4,FALSE) -> 72 | F12: =VLOOKUP(TBLYUHUKOREA[NAMA BAHAN],[2]!TBLREKAPBAHAN[[NAMA BAHAN]:[MODAL SATUAN]],4,FALSE) -> 72 | G12: 20 | H12: =F12*G12 -> 1440 | I12: 20 | J12: =F12*I12 -> 1440 | K12: 20 | L12: =F12*K12 -> 1440
A13: 12 | B13: TEPUNG SEGITIGA BIRU | C13: =VLOOKUP(TBLYUHUKOREA[NAMA BAHAN],[2]!TBLREKAPBAHAN[[NAMA BAHAN]:[MODAL SATUAN]],2,FALSE) -> 14000 | D13: =VLOOKUP(TBLYUHUKOREA[NAMA BAHAN],[2]!TBLREKAPBAHAN[[NAMA BAHAN]:[MODAL SATUAN]],3,FALSE) -> 1000 | E13: =VLOOKUP(TBLYUHUKOREA[NAMA BAHAN],[2]!TBLREKAPBAHAN[[NAMA BAHAN]:[MODAL SATUAN]],4,FALSE) -> 14 | F13: =VLOOKUP(TBLYUHUKOREA[NAMA BAHAN],[2]!TBLREKAPBAHAN[[NAMA BAHAN]:[MODAL SATUAN]],4,FALSE) -> 14 | G13: 40 | H13: =F13*G13 -> 560 | I13: 40 | J13: =F13*I13 -> 560 | K13: 40 | L13: =F13*K13 -> 560
... A29: 28 | B29: KRESEK 30 CM | C29: =VLOOKUP(TBLYUHUKOREA[NAMA BAHAN],[2]!TBLREKAPBAHAN[[NAMA BAHAN]:[MODAL SATUAN]],2,FALSE) -> 1000 | D29: =VLOOKUP(TBLYUHUKOREA[NAMA BAHAN],[2]!TBLREKAPBAHAN[[NAMA BAHAN]:[MODAL SATUAN]],3,FALSE) -> 2 | E29: =VLOOKUP(TBLYUHUKOREA[NAMA BAHAN],[2]!TBLREKAPBAHAN[[NAMA BAHAN]:[MODAL SATUAN]],4,FALSE) -> 500 | F29: =VLOOKUP(TBLYUHUKOREA[NAMA BAHAN],[2]!TBLREKAPBAHAN[[NAMA BAHAN]:[MODAL SATUAN]],4,FALSE) -> 500 | G29: 1 | H29: =F29*G29 -> 500 | I29: 1 | J29: =F29*I29 -> 500 | K29: 1 | L29: =F29*K29 -> 500
A30: MODAL | H30: =SUM(H2:H29) -> 52440.563 | J30: =SUM(J2:J29) -> 54690.563 | L30: =SUM(L2:L29) -> 54165.563

Sheet PIZZA SIP TOP KOREA
A1: KODE BAHAN | B1: NAMA BAHAN | C1: HARGA KULAK | D1: ISI | E1: HARGA KULAK SATUAN | F1: MODAL SATUAN | G1: KEB. | H1: PIZZA SIP 25 CM TOP KOREA DASARAN JAGUNG+MOZZA | I1: KEB.2 | J1: PIZZA SIP 25 CM TOP KOREA DASARAN AYAM+MOZZA | K1: KEB.3 | L1: PIZZA SIP 25 CM TOP KOREA TABUR | O1: 40 | P1: =85*O1 -> 3400
A2: 1 | B2: SAOS SPAGHETI GRAM | C2: =VLOOKUP(TBLSIPKOREA[NAMA BAHAN],[2]!TBLREKAPBAHAN[[NAMA BAHAN]:[MODAL SATUAN]],2,FALSE) -> 12000 | D2: =VLOOKUP(TBLSIPKOREA[NAMA BAHAN],[2]!TBLREKAPBAHAN[[NAMA BAHAN]:[MODAL SATUAN]],3,FALSE) -> 250 | E2: =VLOOKUP(TBLSIPKOREA[NAMA BAHAN],[2]!TBLREKAPBAHAN[[NAMA BAHAN]:[MODAL SATUAN]],4,FALSE) -> 48 | F2: =VLOOKUP(TBLSIPKOREA[NAMA BAHAN],[2]!TBLREKAPBAHAN[[NAMA BAHAN]:[MODAL SATUAN]],4,FALSE) -> 48 | G2: 130 | H2: =F2*G2 -> 6240 | I2: 130 | J2: =F2*I2 -> 6240 | K2: 130 | L2: =F2*K2 -> 6240 | O2: 130 | P2: =F2*O2 -> 6240
A3: 2 | B3: SAOS TOMAT SACHET | C3: =VLOOKUP(TBLSIPKOREA[NAMA BAHAN],[2]!TBLREKAPBAHAN[[NAMA BAHAN]:[MODAL SATUAN]],2,FALSE) -> 7000 | D3: =VLOOKUP(TBLSIPKOREA[NAMA BAHAN],[2]!TBLREKAPBAHAN[[NAMA BAHAN]:[MODAL SATUAN]],3,FALSE) -> 24 | E3: =VLOOKUP(TBLSIPKOREA[NAMA BAHAN],[2]!TBLREKAPBAHAN[[NAMA BAHAN]:[MODAL SATUAN]],4,FALSE) -> 291.66667 | F3: =VLOOKUP(TBLSIPKOREA[NAMA BAHAN],[2]!TBLREKAPBAHAN[[NAMA BAHAN]:[MODAL SATUAN]],4,FALSE) -> 291.66667 | G3: 4 | H3: =F3*G3 -> 1166.6667 | I3: 4 | J3: =F3*I3 -> 1166.6667 | K3: 4 | L3: =F3*K3 -> 1166.6667 | O3: 4 | P3: =F3*O3 -> 1166.6667
A4: 3 | B4: SAOS SAMBAL SACHET | C4: =VLOOKUP(TBLSIPKOREA[NAMA BAHAN],[2]!TBLREKAPBAHAN[[NAMA BAHAN]:[MODAL SATUAN]],2,FALSE) -> 8000 | D4: =VLOOKUP(TBLSIPKOREA[NAMA BAHAN],[2]!TBLREKAPBAHAN[[NAMA BAHAN]:[MODAL SATUAN]],3,FALSE) -> 24 | E4: =VLOOKUP(TBLSIPKOREA[NAMA BAHAN],[2]!TBLREKAPBAHAN[[NAMA BAHAN]:[MODAL SATUAN]],4,FALSE) -> 333.33333 | F4: =VLOOKUP(TBLSIPKOREA[NAMA BAHAN],[2]!TBLREKAPBAHAN[[NAMA BAHAN]:[MODAL SATUAN]],4,FALSE) -> 333.33333 | G4: 4 | H4: =F4*G4 -> 1333.3333 | I4: 4 | J4: =F4*I4 -> 1333.3333 | K4: 4 | L4: =F4*K4 -> 1333.3333 | O4: 4 | P4: =F4*O4 -> 1333.3333
A5: 4 | B5: KEJU MOZZARELLA | C5: =VLOOKUP(TBLSIPKOREA[NAMA BAHAN],[2]!TBLREKAPBAHAN[[NAMA BAHAN]:[MODAL SATUAN]],2,FALSE) -> 90000 | D5: =VLOOKUP(TBLSIPKOREA[NAMA BAHAN],[2]!TBLREKAPBAHAN[[NAMA BAHAN]:[MODAL SATUAN]],3,FALSE) -> 500 | E5: =VLOOKUP(TBLSIPKOREA[NAMA BAHAN],[2]!TBLREKAPBAHAN[[NAMA BAHAN]:[MODAL SATUAN]],4,FALSE) -> 180 | F5: =VLOOKUP(TBLSIPKOREA[NAMA BAHAN],[2]!TBLREKAPBAHAN[[NAMA BAHAN]:[MODAL SATUAN]],4,FALSE) -> 180 | G5: 130 | H5: =F5*G5 -> 23400 | I5: 130 | J5: =F5*I5 -> 23400 | K5: 130 | L5: =F5*K5 -> 23400 | O5: 130 | P5: =F5*O5 -> 23400
A6: 5 | B6: SOSIZ BATANG | C6: =VLOOKUP(TBLSIPKOREA[NAMA BAHAN],[2]!TBLREKAPBAHAN[[NAMA BAHAN]:[MODAL SATUAN]],2,FALSE) -> 35000 | D6: =VLOOKUP(TBLSIPKOREA[NAMA BAHAN],[2]!TBLREKAPBAHAN[[NAMA BAHAN]:[MODAL SATUAN]],3,FALSE) -> 38 | E6: =VLOOKUP(TBLSIPKOREA[NAMA BAHAN],[2]!TBLREKAPBAHAN[[NAMA BAHAN]:[MODAL SATUAN]],4,FALSE) -> 921.05263 | F6: =VLOOKUP(TBLSIPKOREA[NAMA BAHAN],[2]!TBLREKAPBAHAN[[NAMA BAHAN]:[MODAL SATUAN]],4,FALSE) -> 921.05263 | G6: 3 | H6: =F6*G6 -> 2763.1579 | I6: 3 | J6: =F6*I6 -> 2763.1579 | K6: 3 | L6: =F6*K6 -> 2763.1579 | O6: 0 | P6: =F6*O6 -> 0
A7: 6 | B7: AYAM SUWIR | C7: =VLOOKUP(TBLSIPKOREA[NAMA BAHAN],[2]!TBLREKAPBAHAN[[NAMA BAHAN]:[MODAL SATUAN]],2,FALSE) -> 45000 | D7: =VLOOKUP(TBLSIPKOREA[NAMA BAHAN],[2]!TBLREKAPBAHAN[[NAMA BAHAN]:[MODAL SATUAN]],3,FALSE) -> 400 | E7: =VLOOKUP(TBLSIPKOREA[NAMA BAHAN],[2]!TBLREKAPBAHAN[[NAMA BAHAN]:[MODAL SATUAN]],4,FALSE) -> 112.5 | F7: =VLOOKUP(TBLSIPKOREA[NAMA BAHAN],[2]!TBLREKAPBAHAN[[NAMA BAHAN]:[MODAL SATUAN]],4,FALSE) -> 112.5 | G7: 30 | H7: =F7*G7 -> 3375 | I7: 50 | J7: =F7*I7 -> 5625 | K7: 40 | L7: =F7*K7 -> 4500 | O7: 40 | P7: =F7*O7 -> 4500
A8: 7 | B8: MENTEGA | C8: =VLOOKUP(TBLSIPKOREA[NAMA BAHAN],[2]!TBLREKAPBAHAN[[NAMA BAHAN]:[MODAL SATUAN]],2,FALSE) -> 35000 | D8: =VLOOKUP(TBLSIPKOREA[NAMA BAHAN],[2]!TBLREKAPBAHAN[[NAMA BAHAN]:[MODAL SATUAN]],3,FALSE) -> 1000 | E8: =VLOOKUP(TBLSIPKOREA[NAMA BAHAN],[2]!TBLREKAPBAHAN[[NAMA BAHAN]:[MODAL SATUAN]],4,FALSE) -> 35 | F8: =VLOOKUP(TBLSIPKOREA[NAMA BAHAN],[2]!TBLREKAPBAHAN[[NAMA BAHAN]:[MODAL SATUAN]],4,FALSE) -> 35 | G8: 35 | H8: =F8*G8 -> 1225 | I8: 35 | J8: =F8*I8 -> 1225 | K8: 35 | L8: =F8*K8 -> 1225 | O8: 35 | P8: =F8*O8 -> 1225
A9: 8 | B9: GULA PASIR | C9: =VLOOKUP(TBLSIPKOREA[NAMA BAHAN],[2]!TBLREKAPBAHAN[[NAMA BAHAN]:[MODAL SATUAN]],2,FALSE) -> 18000 | D9: =VLOOKUP(TBLSIPKOREA[NAMA BAHAN],[2]!TBLREKAPBAHAN[[NAMA BAHAN]:[MODAL SATUAN]],3,FALSE) -> 1000 | E9: =VLOOKUP(TBLSIPKOREA[NAMA BAHAN],[2]!TBLREKAPBAHAN[[NAMA BAHAN]:[MODAL SATUAN]],4,FALSE) -> 18 | F9: =VLOOKUP(TBLSIPKOREA[NAMA BAHAN],[2]!TBLREKAPBAHAN[[NAMA BAHAN]:[MODAL SATUAN]],4,FALSE) -> 18 | G9: 27 | H9: =F9*G9 -> 486 | I9: 27 | J9: =F9*I9 -> 486 | K9: 27 | L9: =F9*K9 -> 486 | O9: 27 | P9: =F9*O9 -> 486
A10: 9 | B10: GARAM HALUS | C10: =VLOOKUP(TBLSIPKOREA[NAMA BAHAN],[2]!TBLREKAPBAHAN[[NAMA BAHAN]:[MODAL SATUAN]],2,FALSE) -> 4000 | D10: =VLOOKUP(TBLSIPKOREA[NAMA BAHAN],[2]!TBLREKAPBAHAN[[NAMA BAHAN]:[MODAL SATUAN]],3,FALSE) -> 250 | E10: =VLOOKUP(TBLSIPKOREA[NAMA BAHAN],[2]!TBLREKAPBAHAN[[NAMA BAHAN]:[MODAL SATUAN]],4,FALSE) -> 16 | F10: =VLOOKUP(TBLSIPKOREA[NAMA BAHAN],[2]!TBLREKAPBAHAN[[NAMA BAHAN]:[MODAL SATUAN]],4,FALSE) -> 16 | G10: 10 | H10: =F10*G10 -> 160 | I10: 10 | J10: =F10*I10 -> 160 | K10: 10 | L10: =F10*K10 -> 160 | O10: 10 | P10: =F10*O10 -> 160
A11: 10 | B11: VERMIPAN | C11: =VLOOKUP(TBLSIPKOREA[NAMA BAHAN],[2]!TBLREKAPBAHAN[[NAMA BAHAN]:[MODAL SATUAN]],2,FALSE) -> 7000 | D11: =VLOOKUP(TBLSIPKOREA[NAMA BAHAN],[2]!TBLREKAPBAHAN[[NAMA BAHAN]:[MODAL SATUAN]],3,FALSE) -> 11 | E11: =VLOOKUP(TBLSIPKOREA[NAMA BAHAN],[2]!TBLREKAPBAHAN[[NAMA BAHAN]:[MODAL SATUAN]],4,FALSE) -> 636.36364 | F11: =VLOOKUP(TBLSIPKOREA[NAMA BAHAN],[2]!TBLREKAPBAHAN[[NAMA BAHAN]:[MODAL SATUAN]],4,FALSE) -> 636.36364 | G11: 7 | H11: =F11*G11 -> 4454.5455 | I11: 7 | J11: =F11*I11 -> 4454.5455 | K11: 7 | L11: =F11*K11 -> 4454.5455 | O11: 7 | P11: =F11*O11 -> 4454.5455
A12: 11 | B12: SUSU BUBUK | C12: =VLOOKUP(TBLSIPKOREA[NAMA BAHAN],[2]!TBLREKAPBAHAN[[NAMA BAHAN]:[MODAL SATUAN]],2,FALSE) -> 18000 | D12: =VLOOKUP(TBLSIPKOREA[NAMA BAHAN],[2]!TBLREKAPBAHAN[[NAMA BAHAN]:[MODAL SATUAN]],3,FALSE) -> 250 | E12: =VLOOKUP(TBLSIPKOREA[NAMA BAHAN],[2]!TBLREKAPBAHAN[[NAMA BAHAN]:[MODAL SATUAN]],4,FALSE) -> 72 | F12: =VLOOKUP(TBLSIPKOREA[NAMA BAHAN],[2]!TBLREKAPBAHAN[[NAMA BAHAN]:[MODAL SATUAN]],4,FALSE) -> 72 | G12: 30 | H12: =F12*G12 -> 2160 | I12: 30 | J12: =F12*I12 -> 2160 | K12: 30 | L12: =F12*K12 -> 2160 | O12: 30 | P12: =F12*O12 -> 2160
A13: 12 | B13: TEPUNG SEGITIGA BIRU | C13: =VLOOKUP(TBLSIPKOREA[NAMA BAHAN],[2]!TBLREKAPBAHAN[[NAMA BAHAN]:[MODAL SATUAN]],2,FALSE) -> 14000 | D13: =VLOOKUP(TBLSIPKOREA[NAMA BAHAN],[2]!TBLREKAPBAHAN[[NAMA BAHAN]:[MODAL SATUAN]],3,FALSE) -> 1000 | E13: =VLOOKUP(TBLSIPKOREA[NAMA BAHAN],[2]!TBLREKAPBAHAN[[NAMA BAHAN]:[MODAL SATUAN]],4,FALSE) -> 14 | F13: =VLOOKUP(TBLSIPKOREA[NAMA BAHAN],[2]!TBLREKAPBAHAN[[NAMA BAHAN]:[MODAL SATUAN]],4,FALSE) -> 14 | G13: 60 | H13: =F13*G13 -> 840 | I13: 60 | J13: =F13*I13 -> 840 | K13: 60 | L13: =F13*K13 -> 840 | O13: 60 | P13: =F13*O13 -> 840
... A29: 28 | B29: KRESEK 50 CM | C29: =VLOOKUP(TBLSIPKOREA[NAMA BAHAN],[2]!TBLREKAPBAHAN[[NAMA BAHAN]:[MODAL SATUAN]],2,FALSE) -> 1000 | D29: =VLOOKUP(TBLSIPKOREA[NAMA BAHAN],[2]!TBLREKAPBAHAN[[NAMA BAHAN]:[MODAL SATUAN]],3,FALSE) -> 1 | E29: =VLOOKUP(TBLSIPKOREA[NAMA BAHAN],[2]!TBLREKAPBAHAN[[NAMA BAHAN]:[MODAL SATUAN]],4,FALSE) -> 1000 | F29: =VLOOKUP(TBLSIPKOREA[NAMA BAHAN],[2]!TBLREKAPBAHAN[[NAMA BAHAN]:[MODAL SATUAN]],4,FALSE) -> 1000 | G29: 1 | H29: =F29*G29 -> 1000 | I29: 1 | J29: =F29*I29 -> 1000 | K29: 1 | L29: =F29*K29 -> 1000 | O29: 1 | P29: =F29*O29 -> 1000
A30: MODAL | H30: =SUM(H2:H29) -> 72891.686 | J30: =SUM(J2:J29) -> 75141.686 | L30: =SUM(L2:L29) -> 74016.686 | P30: =SUM(P1:P29) -> 74653.528

Sheet PIZZA KULIT KEBAB
A1: KODE BAHAN | B1: NAMA BAHAN | C1: HARGA KULAK | D1: ISI | E1: HARGA KULAK SATUAN | F1: MODAL SATUAN | G1: KEB. | H1: PIZZA SIP 25 CM TOP KOREA DASARAN JAGUNG+MOZZA
A2: 1 | B2: SAOS SPAGHETI GRAM | C2: =VLOOKUP(TBLPIZZAKULITKEBAB[NAMA BAHAN],[2]!TBLREKAPBAHAN[[NAMA BAHAN]:[MODAL SATUAN]],2,FALSE) -> 12000 | D2: =VLOOKUP(TBLPIZZAKULITKEBAB[NAMA BAHAN],[2]!TBLREKAPBAHAN[[NAMA BAHAN]:[MODAL SATUAN]],3,FALSE) -> 250 | E2: =VLOOKUP(TBLPIZZAKULITKEBAB[NAMA BAHAN],[2]!TBLREKAPBAHAN[[NAMA BAHAN]:[MODAL SATUAN]],4,FALSE) -> 48 | F2: =VLOOKUP(TBLPIZZAKULITKEBAB[NAMA BAHAN],[2]!TBLREKAPBAHAN[[NAMA BAHAN]:[MODAL SATUAN]],4,FALSE) -> 48 | G2: 30 | H2: =F2*G2 -> 1440
A3: 2 | B3: SAOS TOMAT SACHET | C3: =VLOOKUP(TBLPIZZAKULITKEBAB[NAMA BAHAN],[2]!TBLREKAPBAHAN[[NAMA BAHAN]:[MODAL SATUAN]],2,FALSE) -> 7000 | D3: =VLOOKUP(TBLPIZZAKULITKEBAB[NAMA BAHAN],[2]!TBLREKAPBAHAN[[NAMA BAHAN]:[MODAL SATUAN]],3,FALSE) -> 24 | E3: =VLOOKUP(TBLPIZZAKULITKEBAB[NAMA BAHAN],[2]!TBLREKAPBAHAN[[NAMA BAHAN]:[MODAL SATUAN]],4,FALSE) -> 291.66667 | F3: =VLOOKUP(TBLPIZZAKULITKEBAB[NAMA BAHAN],[2]!TBLREKAPBAHAN[[NAMA BAHAN]:[MODAL SATUAN]],4,FALSE) -> 291.66667 | G3: 2 | H3: =F3*G3 -> 583.33333
A4: 3 | B4: SAOS SAMBAL SACHET | C4: =VLOOKUP(TBLPIZZAKULITKEBAB[NAMA BAHAN],[2]!TBLREKAPBAHAN[[NAMA BAHAN]:[MODAL SATUAN]],2,FALSE) -> 8000 | D4: =VLOOKUP(TBLPIZZAKULITKEBAB[NAMA BAHAN],[2]!TBLREKAPBAHAN[[NAMA BAHAN]:[MODAL SATUAN]],3,FALSE) -> 24 | E4: =VLOOKUP(TBLPIZZAKULITKEBAB[NAMA BAHAN],[2]!TBLREKAPBAHAN[[NAMA BAHAN]:[MODAL SATUAN]],4,FALSE) -> 333.33333 | F4: =VLOOKUP(TBLPIZZAKULITKEBAB[NAMA BAHAN],[2]!TBLREKAPBAHAN[[NAMA BAHAN]:[MODAL SATUAN]],4,FALSE) -> 333.33333 | G4: 2 | H4: =F4*G4 -> 666.66667
A5: 4 | B5: KEJU SLICE MEDIUM SACHET | C5: =VLOOKUP(TBLPIZZAKULITKEBAB[NAMA BAHAN],[2]!TBLREKAPBAHAN[[NAMA BAHAN]:[MODAL SATUAN]],2,FALSE) -> 16000 | D5: =VLOOKUP(TBLPIZZAKULITKEBAB[NAMA BAHAN],[2]!TBLREKAPBAHAN[[NAMA BAHAN]:[MODAL SATUAN]],3,FALSE) -> 12 | E5: =VLOOKUP(TBLPIZZAKULITKEBAB[NAMA BAHAN],[2]!TBLREKAPBAHAN[[NAMA BAHAN]:[MODAL SATUAN]],4,FALSE) -> 1333.3333 | F5: =VLOOKUP(TBLPIZZAKULITKEBAB[NAMA BAHAN],[2]!TBLREKAPBAHAN[[NAMA BAHAN]:[MODAL SATUAN]],4,FALSE) -> 1333.3333 | G5: 2 | H5: =F5*G5 -> 2666.6667
A6: 5 | B6: KEJU MOZZARELLA | C6: =VLOOKUP(TBLPIZZAKULITKEBAB[NAMA BAHAN],[2]!TBLREKAPBAHAN[[NAMA BAHAN]:[MODAL SATUAN]],2,FALSE) -> 90000 | D6: =VLOOKUP(TBLPIZZAKULITKEBAB[NAMA BAHAN],[2]!TBLREKAPBAHAN[[NAMA BAHAN]:[MODAL SATUAN]],3,FALSE) -> 500 | E6: =VLOOKUP(TBLPIZZAKULITKEBAB[NAMA BAHAN],[2]!TBLREKAPBAHAN[[NAMA BAHAN]:[MODAL SATUAN]],4,FALSE) -> 180 | F6: =VLOOKUP(TBLPIZZAKULITKEBAB[NAMA BAHAN],[2]!TBLREKAPBAHAN[[NAMA BAHAN]:[MODAL SATUAN]],4,FALSE) -> 180 | G6: 20 | H6: =F6*G6 -> 3600
A7: 6 | B7: DAGING SAPI | C7: =VLOOKUP(TBLPIZZAKULITKEBAB[NAMA BAHAN],[2]!TBLREKAPBAHAN[[NAMA BAHAN]:[MODAL SATUAN]],2,FALSE) -> 85000 | D7: =VLOOKUP(TBLPIZZAKULITKEBAB[NAMA BAHAN],[2]!TBLREKAPBAHAN[[NAMA BAHAN]:[MODAL SATUAN]],3,FALSE) -> 1000 | E7: =VLOOKUP(TBLPIZZAKULITKEBAB[NAMA BAHAN],[2]!TBLREKAPBAHAN[[NAMA BAHAN]:[MODAL SATUAN]],4,FALSE) -> 85 | F7: =VLOOKUP(TBLPIZZAKULITKEBAB[NAMA BAHAN],[2]!TBLREKAPBAHAN[[NAMA BAHAN]:[MODAL SATUAN]],4,FALSE) -> 85 | G7: 50 | H7: =F7*G7 -> 4250
A8: 7 | B8: SOSIZ BATANG | C8: =VLOOKUP(TBLPIZZAKULITKEBAB[NAMA BAHAN],[2]!TBLREKAPBAHAN[[NAMA BAHAN]:[MODAL SATUAN]],2,FALSE) -> 35000 | D8: =VLOOKUP(TBLPIZZAKULITKEBAB[NAMA BAHAN],[2]!TBLREKAPBAHAN[[NAMA BAHAN]:[MODAL SATUAN]],3,FALSE) -> 38 | E8: =VLOOKUP(TBLPIZZAKULITKEBAB[NAMA BAHAN],[2]!TBLREKAPBAHAN[[NAMA BAHAN]:[MODAL SATUAN]],4,FALSE) -> 921.05263 | F8: =VLOOKUP(TBLPIZZAKULITKEBAB[NAMA BAHAN],[2]!TBLREKAPBAHAN[[NAMA BAHAN]:[MODAL SATUAN]],4,FALSE) -> 921.05263 | G8: 0 | H8: =F8*G8 -> 0
A9: 8 | B9: KULIT KEBAB 19/20 CM | C9: =VLOOKUP(TBLPIZZAKULITKEBAB[NAMA BAHAN],[2]!TBLREKAPBAHAN[[NAMA BAHAN]:[MODAL SATUAN]],2,FALSE) -> 29000 | D9: =VLOOKUP(TBLPIZZAKULITKEBAB[NAMA BAHAN],[2]!TBLREKAPBAHAN[[NAMA BAHAN]:[MODAL SATUAN]],3,FALSE) -> 20 | E9: =VLOOKUP(TBLPIZZAKULITKEBAB[NAMA BAHAN],[2]!TBLREKAPBAHAN[[NAMA BAHAN]:[MODAL SATUAN]],4,FALSE) -> 1450 | F9: =VLOOKUP(TBLPIZZAKULITKEBAB[NAMA BAHAN],[2]!TBLREKAPBAHAN[[NAMA BAHAN]:[MODAL SATUAN]],4,FALSE) -> 1450 | G9: 3 | H9: =F9*G9 -> 4350
A10: 9 | B10: BASIL | C10: =VLOOKUP(TBLPIZZAKULITKEBAB[NAMA BAHAN],[2]!TBLREKAPBAHAN[[NAMA BAHAN]:[MODAL SATUAN]],2,FALSE) -> 30000 | D10: =VLOOKUP(TBLPIZZAKULITKEBAB[NAMA BAHAN],[2]!TBLREKAPBAHAN[[NAMA BAHAN]:[MODAL SATUAN]],3,FALSE) -> 30 | E10: =VLOOKUP(TBLPIZZAKULITKEBAB[NAMA BAHAN],[2]!TBLREKAPBAHAN[[NAMA BAHAN]:[MODAL SATUAN]],4,FALSE) -> 1000 | F10: =VLOOKUP(TBLPIZZAKULITKEBAB[NAMA BAHAN],[2]!TBLREKAPBAHAN[[NAMA BAHAN]:[MODAL SATUAN]],4,FALSE) -> 1000 | G10: 3 | H10: =F10*G10 -> 3000
A11: 10 | B11: KALDU JAMUR | C11: =VLOOKUP(TBLPIZZAKULITKEBAB[NAMA BAHAN],[2]!TBLREKAPBAHAN[[NAMA BAHAN]:[MODAL SATUAN]],2,FALSE) -> 15000 | D11: =VLOOKUP(TBLPIZZAKULITKEBAB[NAMA BAHAN],[2]!TBLREKAPBAHAN[[NAMA BAHAN]:[MODAL SATUAN]],3,FALSE) -> 80 | E11: =VLOOKUP(TBLPIZZAKULITKEBAB[NAMA BAHAN],[2]!TBLREKAPBAHAN[[NAMA BAHAN]:[MODAL SATUAN]],4,FALSE) -> 187.5 | F11: =VLOOKUP(TBLPIZZAKULITKEBAB[NAMA BAHAN],[2]!TBLREKAPBAHAN[[NAMA BAHAN]:[MODAL SATUAN]],4,FALSE) -> 187.5 | G11: 6 | H11: =F11*G11 -> 1125
A12: 11 | B12: BAWANG BOMBAY | C12: =VLOOKUP(TBLPIZZAKULITKEBAB[NAMA BAHAN],[2]!TBLREKAPBAHAN[[NAMA BAHAN]:[MODAL SATUAN]],2,FALSE) -> 5000 | D12: =VLOOKUP(TBLPIZZAKULITKEBAB[NAMA BAHAN],[2]!TBLREKAPBAHAN[[NAMA BAHAN]:[MODAL SATUAN]],3,FALSE) -> 8 | E12: =VLOOKUP(TBLPIZZAKULITKEBAB[NAMA BAHAN],[2]!TBLREKAPBAHAN[[NAMA BAHAN]:[MODAL SATUAN]],4,FALSE) -> 625 | F12: =VLOOKUP(TBLPIZZAKULITKEBAB[NAMA BAHAN],[2]!TBLREKAPBAHAN[[NAMA BAHAN]:[MODAL SATUAN]],4,FALSE) -> 625 | G12: 1 | H12: =F12*G12 -> 625
A13: 12 | B13: ABON | C13: =VLOOKUP(TBLPIZZAKULITKEBAB[NAMA BAHAN],[2]!TBLREKAPBAHAN[[NAMA BAHAN]:[MODAL SATUAN]],2,FALSE) -> 25000 | D13: =VLOOKUP(TBLPIZZAKULITKEBAB[NAMA BAHAN],[2]!TBLREKAPBAHAN[[NAMA BAHAN]:[MODAL SATUAN]],3,FALSE) -> 100 | E13: =VLOOKUP(TBLPIZZAKULITKEBAB[NAMA BAHAN],[2]!TBLREKAPBAHAN[[NAMA BAHAN]:[MODAL SATUAN]],4,FALSE) -> 250 | F13: =VLOOKUP(TBLPIZZAKULITKEBAB[NAMA BAHAN],[2]!TBLREKAPBAHAN[[NAMA BAHAN]:[MODAL SATUAN]],4,FALSE) -> 250 | G13: 0 | H13: =F13*G13 -> 0
... A23: 22 | B23: KRESEK 50 CM | C23: =VLOOKUP(TBLPIZZAKULITKEBAB[NAMA BAHAN],[2]!TBLREKAPBAHAN[[NAMA BAHAN]:[MODAL SATUAN]],2,FALSE) -> 1000 | D23: =VLOOKUP(TBLPIZZAKULITKEBAB[NAMA BAHAN],[2]!TBLREKAPBAHAN[[NAMA BAHAN]:[MODAL SATUAN]],3,FALSE) -> 1 | E23: =VLOOKUP(TBLPIZZAKULITKEBAB[NAMA BAHAN],[2]!TBLREKAPBAHAN[[NAMA BAHAN]:[MODAL SATUAN]],4,FALSE) -> 1000 | F23: =VLOOKUP(TBLPIZZAKULITKEBAB[NAMA BAHAN],[2]!TBLREKAPBAHAN[[NAMA BAHAN]:[MODAL SATUAN]],4,FALSE) -> 1000 | G23: 1 | H23: =F23*G23 -> 1000
A24: MODAL | H24: =SUM(H2:H23) -> 28361.667

Sheet MODAL
A1: MODAL
A2: CAHYA GALLERY FOOD & BEVERAGE
A4: NAMA MENU | B4: MODAL KEMBALI KE PERUSAHAAN PRODUK OFF LINE | C4: MODAL KEMBALI KE PERUSAHAAN PRODUK GOBIZ
A5: BURGER MEDIUM DAGING SAPI | B5: =BURGER!U18 -> 11837.889
A6: BURGER MEDIUM DAGING SAPI DOUBLE BEEF | B6: =BURGER!W18 -> 15662.889
A7: BURGER MEDIUM DAGING SAPI TANPA SAYUR | B7: =BURGER!AI18 -> 11049
A8: BURGER MEDIUM NUGGET AYAM | B8: =BURGER!J18 -> 11679.556
A9: BURGER MEDIUM NUGGET AYAM TANPA SAYUR | B9: =BURGER!AT18 -> 12224
A10: KEBAB AYAM (KECIL) | B10: ='KEBAB AYAM'!I38 -> 6711.6667
A11: KEBAB AYAM (KECIL) PEDAS | B11: ='KEBAB AYAM'!K38 -> 7057.6667
A12: KEBAB AYAM (KECIL) TANPA SAYUR | B12: ='KEBAB AYAM'!M38 -> 6074.1667
A13: KEBAB AYAM (KECIL) TANPA SAYUR PEDAS | B13: ='KEBAB AYAM'!O38 -> 6420.1667
A14: KEBAB AYAM + SOSIZ (KECIL) | B14: ='KEBAB AYAM + SOSIZ (KECIL)'!I15 -> 6122.193
A15: KEBAB AYAM + SOSIZ (KECIL) PEDAS | B15: ='KEBAB AYAM + SOSIZ (KECIL)'!K15 -> 6192.193
A16: KEBAB AYAM + SOSIZ (KECIL) TANPA SAYUR EKSTRA AYAM | B16: ='KEBAB AYAM + SOSIZ (KECIL)'!M15 -> 5972.193
A17: KEBAB AYAM + SOSIZ (KECIL) TANPA SAYUR EKSTRA SOSIZ | B17: ='KEBAB AYAM + SOSIZ (KECIL)'!O15 -> 5870.2193
A18: KEBAB AYAM + SOSIZ (MEDIUM) | B18: ='KEBAB AYAM + SOSIZ (MEDIUM)'!I15 -> 8274.7193
A19: KEBAB AYAM + SOSIZ (MEDIUM) PEDAS | B19: ='KEBAB AYAM + SOSIZ (MEDIUM)'!K15 -> 8174.7193
A20: KEBAB AYAM + SOSIZ (MEDIUM) TANPA SAYUR EKSTRA AYAM | B20: ='KEBAB AYAM + SOSIZ (MEDIUM)'!M15 -> 8762.2193
A21: KEBAB AYAM + SOSIZ (MEIDUM) TANPA SAYUR EKSTRA SOSIZ | B21: ='KEBAB AYAM + SOSIZ (MEDIUM)'!O15 -> 8558.2719
A22: KEBAB AYAM MEDIUM | B22: ='KEBAB AYAM'!I14 -> 8478.6667
A23: KEBAB AYAM MEDIUM PEDAS | B23: ='KEBAB AYAM'!K14 -> 8378.6667
A24: KEBAB AYAM MEDIUM TANPA SAYUR | B24: ='KEBAB AYAM'!M14 -> 7841.1667
A25: KEBAB AYAM MEDIUM TANPA SAYUR PEDAS | B25: ='KEBAB AYAM'!O14 -> 7841.1667
A26: KEBAB SOSIZ (KECIL) | B26: =' KEBAB SOSIZ'!H14 -> 6730.4386
A27: KEBAB SOSIZ (KECIL) PEDAS | B27: =' KEBAB SOSIZ'!J14 -> 6740.4386
A28: KEBAB SOSIZ (KECIL) PEDAS TANPA SAYUR EKSTRA SOSIZ | B28: =' KEBAB SOSIZ'!N14 -> 6461.4912
A29: KEBAB SOSIZ (KECIL) TANPA SAYUR EKSTRA SOSIZ | B29: =' KEBAB SOSIZ'!L14 -> 6451.4912
A30: PIZZA KULIT KEBAB | B30: ='PIZZA KULIT KEBAB'!H24 -> 28361.667
A31: PIZZA SIP 25 CM AYAM + JAMUR | B31: ='PIZZA SIP'!L31 -> 67651.71
A32: PIZZA SIP 25 CM FULL SOSIZ + MOZZARELLA | B32: ='PIZZA SIP'!H31 -> 65820.37
A33: PIZZA SIP 25 CM JAGUNG + AYAM | B33: ='PIZZA SIP'!P31 -> 66026.71
A34: PIZZA SIP 25 CM KOREA SEKAT DASARAN AYAM+MOZZA | B34: ='PIZZA SIP TOP KOREA'!J30 -> 75141.686
A35: PIZZA SIP 25 CM KOREA SEKAT DASARAN JAGUNG+MOZZA | B35: ='PIZZA SIP TOP KOREA'!H30 -> 72891.686
A36: PIZZA SIP 25 CM KOREA TABUR | B36: ='PIZZA SIP TOP KOREA'!L30 -> 74016.686
